timestamp,adjclose,open,low,high,volume,close
2020-09-09 00:00:00,0.029308000579476357,0.028560999780893326,0.025994999334216118,0.03300900012254715,13197157,0.029308000579476357
2020-09-10 00:00:00,0.02428700029850006,0.029308000579476357,0.02298099920153618,0.030192000791430473,9167342,0.02428700029850006
2020-09-11 00:00:00,0.030518999323248863,0.024274000898003578,0.02250700071454048,0.032698001712560654,125330903,0.030518999323248863
2020-09-12 00:00:00,0.028903000056743622,0.031849998980760574,0.0256120003759861,0.031849998980760574,147358250,0.028903000056743622
2020-09-13 00:00:00,0.03348100185394287,0.028936000540852547,0.02653600089251995,0.03598399832844734,226026686,0.03348100185394287
2020-09-14 00:00:00,0.035989999771118164,0.03368600085377693,0.03310399875044823,0.04144800081849098,181245029,0.035989999771118164
2020-09-15 00:00:00,0.028049999848008156,0.035989999771118164,0.02779199928045273,0.03657199814915657,105901511,0.028049999848008156
2020-09-16 00:00:00,0.027313999831676483,0.028071999549865723,0.02654300071299076,0.030928999185562134,127184743,0.027313999831676483
2020-09-17 00:00:00,0.026151999831199646,0.027393000200390816,0.023850999772548676,0.028919000178575516,93258949,0.026151999831199646
2020-09-18 00:00:00,0.025895999744534492,0.026283999904990196,0.024560000747442245,0.02701600082218647,82110546,0.025895999744534492
2020-09-19 00:00:00,0.024986999109387398,0.025957999750971794,0.024846000596880913,0.0279959999024868,19695496,0.024986999109387398
2020-09-20 00:00:00,0.023403000086545944,0.025026999413967133,0.022721000015735626,0.02579299919307232,8727805,0.023403000086545944
2020-09-21 00:00:00,0.01563899964094162,0.023403000086545944,0.01563899964094162,0.023490000516176224,16342576,0.01563899964094162
2020-09-22 00:00:00,0.0144640002399683,0.015355999581515789,0.013655000366270542,0.016232000663876534,39236436,0.0144640002399683
2020-09-23 00:00:00,0.01497699972242117,0.014450999908149242,0.014271999709308147,0.016990000382065773,71280113,0.01497699972242117
2020-09-24 00:00:00,0.01559200044721365,0.015038999728858471,0.014809000305831432,0.015796000137925148,30337868,0.01559200044721365
2020-09-25 00:00:00,0.016964999958872795,0.015596999786794186,0.015581999905407429,0.018038000911474228,98173831,0.016964999958872795
2020-09-26 00:00:00,0.017153000459074974,0.016966000199317932,0.016892999410629272,0.017938999459147453,97004967,0.017153000459074974
2020-09-27 00:00:00,0.017048999667167664,0.017153000459074974,0.016791999340057373,0.017319999635219574,130897282,0.017048999667167664
2020-09-28 00:00:00,0.017882000654935837,0.017077000811696053,0.01697699911892414,0.019509999081492424,4182168,0.017882000654935837
2020-09-29 00:00:00,0.01816299930214882,0.017882000654935837,0.017326999455690384,0.018990999087691307,3381149,0.01816299930214882
2020-09-30 00:00:00,0.017791999503970146,0.018168000504374504,0.01765899918973446,0.018364999443292618,2182643,0.017791999503970146
2020-10-01 00:00:00,0.01796399988234043,0.017782000824809074,0.0175160001963377,0.018510999158024788,6867065,0.01796399988234043
2020-10-02 00:00:00,0.016155999153852463,0.01796800084412098,0.016081999987363815,0.018100999295711517,6625910,0.016155999153852463
2020-10-03 00:00:00,0.015850000083446503,0.016154000535607338,0.015805000439286232,0.01670899987220764,4879931,0.015850000083446503
2020-10-04 00:00:00,0.0156289990991354,0.015824999660253525,0.01525299996137619,0.015915000811219215,5092125,0.0156289990991354
2020-10-05 00:00:00,0.015807999297976494,0.015633000060915947,0.015283999964594841,0.01599700003862381,5105133,0.015807999297976494
2020-10-06 00:00:00,0.015502999536693096,0.01580899953842163,0.015320999547839165,0.017827000468969345,6316861,0.015502999536693096
2020-10-07 00:00:00,0.014058999717235565,0.015475999563932419,0.013868000358343124,0.015475999563932419,3558695,0.014058999717235565
2020-10-08 00:00:00,0.013841000385582447,0.014058999717235565,0.013364000245928764,0.014295999892055988,3839662,0.013841000385582447
2020-10-09 00:00:00,0.013992000371217728,0.013844000175595284,0.013503000140190125,0.014316000044345856,4312581,0.013992000371217728
2020-10-10 00:00:00,0.013732999563217163,0.013988999649882317,0.013585999608039856,0.014759000390768051,4197339,0.013732999563217163
2020-10-11 00:00:00,0.01384500041604042,0.013651999644935131,0.013410000130534172,0.013946999795734882,4538604,0.01384500041604042
2020-10-12 00:00:00,0.014569000340998173,0.013856999576091766,0.013744999654591084,0.015667999163269997,6464012,0.014569000340998173
2020-10-13 00:00:00,0.013454999774694443,0.014464999549090862,0.013182999566197395,0.015306999906897545,4589358,0.013454999774694443
2020-10-14 00:00:00,0.011971999891102314,0.013484999537467957,0.011826000176370144,0.013485999777913094,4730063,0.011971999891102314
2020-10-15 00:00:00,0.011912000365555286,0.011978000402450562,0.011087999679148197,0.012164999730885029,4461198,0.011912000365555286
2020-10-16 00:00:00,0.010258999653160572,0.011924000456929207,0.010018999688327312,0.011924000456929207,4136759,0.010258999653160572
2020-10-17 00:00:00,0.010091999545693398,0.0102530000731349,0.009871000424027443,0.010358000174164772,3997047,0.010091999545693398
2020-10-18 00:00:00,0.010456999763846397,0.010111999697983265,0.00991899985820055,0.010483000427484512,6436756,0.010456999763846397
2020-10-19 00:00:00,0.011384000070393085,0.010452999733388424,0.009988999925553799,0.012551000341773033,6969178,0.011384000070393085
2020-10-20 00:00:00,0.010379999876022339,0.011517000384628773,0.009971999563276768,0.012137000449001789,4610016,0.010379999876022339
2020-10-21 00:00:00,0.010215999558568,0.010359000414609909,0.009957999922335148,0.010869000107049942,3459172,0.010215999558568
2020-10-22 00:00:00,0.010276000015437603,0.010212999768555164,0.010204000398516655,0.010772000066936016,3523505,0.010276000015437603
2020-10-23 00:00:00,0.009980999864637852,0.010294999927282333,0.009960000403225422,0.010774999856948853,4991189,0.009980999864637852
2020-10-24 00:00:00,0.009979000315070152,0.009980999864637852,0.009909000247716904,0.010130999609827995,3158658,0.009979000315070152
2020-10-25 00:00:00,0.010347999632358551,0.009979000315070152,0.009921999648213387,0.010696000419557095,3598106,0.010347999632358551
2020-10-26 00:00:00,0.010099000297486782,0.010347999632358551,0.01005600020289421,0.010448000393807888,3380762,0.010099000297486782
2020-10-27 00:00:00,0.011574000120162964,0.010099000297486782,0.010040000081062317,0.011646999977529049,4559216,0.011574000120162964
2020-10-28 00:00:00,0.01117900013923645,0.011574000120162964,0.010571000166237354,0.012191999703645706,5181259,0.01117900013923645
2020-10-29 00:00:00,0.010173999704420567,0.01117900013923645,0.010127999819815159,0.011691000312566757,4078040,0.010173999704420567
2020-10-30 00:00:00,0.007833000272512436,0.010173999704420567,0.0074339997954666615,0.010394999757409096,4447344,0.007833000272512436
2020-10-31 00:00:00,0.007201000116765499,0.007833000272512436,0.006833000108599663,0.007930000312626362,3383208,0.007201000116765499
2020-11-01 00:00:00,0.007406999822705984,0.007201000116765499,0.0069989999756217,0.007410000078380108,2810029,0.007406999822705984
2020-11-02 00:00:00,0.007025000173598528,0.007406999822705984,0.006899000145494938,0.0075599998235702515,3190982,0.007025000173598528
2020-11-03 00:00:00,0.006692000199109316,0.007025000173598528,0.00648299977183342,0.007025000173598528,2952755,0.006692000199109316
2020-11-04 00:00:00,0.006666999775916338,0.006692000199109316,0.006641000043600798,0.006794000044465065,1878221,0.006666999775916338
2020-11-05 00:00:00,0.006647000089287758,0.006666999775916338,0.00660899979993701,0.007017999887466431,2057675,0.006647000089287758
2020-11-06 00:00:00,0.0076950001530349255,0.006647000089287758,0.006587999872863293,0.007712000049650669,2330402,0.0076950001530349255
2020-11-07 00:00:00,0.007209000177681446,0.0076950001530349255,0.0071840002201497555,0.008476999588310719,2585123,0.007209000177681446
2020-11-08 00:00:00,0.007296000141650438,0.007209000177681446,0.007069000042974949,0.007449999917298555,1639253,0.007296000141650438
2020-11-09 00:00:00,0.007701999973505735,0.007296000141650438,0.007197000086307526,0.007903000339865685,2039827,0.007701999973505735
2020-11-10 00:00:00,0.007778000086545944,0.007701999973505735,0.007581000216305256,0.008000999689102173,1949260,0.007778000086545944
2020-11-11 00:00:00,0.009612999856472015,0.007776999846100807,0.007776999846100807,0.010947000235319138,6517579,0.009612999856472015
2020-11-12 00:00:00,0.008834999985992908,0.009612999856472015,0.00834100041538477,0.010339999571442604,5302618,0.008834999985992908
2020-11-13 00:00:00,0.009104999713599682,0.008834999985992908,0.00848000030964613,0.00949500035494566,2959573,0.009104999713599682
2020-11-14 00:00:00,0.009007000364363194,0.009104999713599682,0.008263999596238136,0.009386000223457813,1593815,0.009007000364363194
2020-11-15 00:00:00,0.00924300029873848,0.009006000123918056,0.008825999684631824,0.010040000081062317,2951603,0.00924300029873848
2020-11-16 00:00:00,0.009390000253915787,0.00924300029873848,0.008812000043690205,0.00991899985820055,1209430,0.009390000253915787
2020-11-17 00:00:00,0.009775999933481216,0.009393000043928623,0.009100999683141708,0.010215999558568,2434778,0.009775999933481216
2020-11-18 00:00:00,0.009122000075876713,0.009775999933481216,0.008652999997138977,0.009851999580860138,1416942,0.009122000075876713
2020-11-19 00:00:00,0.008549000136554241,0.009122000075876713,0.00826799962669611,0.009180000051856041,2440469,0.008549000136554241
2020-11-20 00:00:00,0.008481999859213829,0.008549000136554241,0.008407999761402607,0.008882000111043453,2229302,0.008481999859213829
2020-11-21 00:00:00,0.008688000030815601,0.008481999859213829,0.008298000320792198,0.009429999627172947,2352508,0.008688000030815601
2020-11-22 00:00:00,0.008876999840140343,0.008688000030815601,0.008446999825537205,0.010563000105321407,3910805,0.008876999840140343
2020-11-23 00:00:00,0.00775599991902709,0.008876999840140343,0.0075079998932778835,0.008985999971628189,2879746,0.00775599991902709
2020-11-24 00:00:00,0.0071229999884963036,0.007753999903798103,0.0069670001976192,0.008399000391364098,3422010,0.0071229999884963036
2020-11-25 00:00:00,0.005288000218570232,0.0071229999884963036,0.005061999894678593,0.0075980001129209995,4703620,0.005288000218570232
2020-11-26 00:00:00,0.005020999815315008,0.005288000218570232,0.004342999774962664,0.00559299997985363,2492971,0.005020999815315008
2020-11-27 00:00:00,0.004945999942719936,0.005018000025302172,0.004585999995470047,0.005055000074207783,1562247,0.004945999942719936
2020-11-28 00:00:00,0.0047980002127587795,0.004945000167936087,0.004685999825596809,0.005121999885886908,1125052,0.0047980002127587795
2020-11-29 00:00:00,0.004648000001907349,0.004794000182300806,0.004575999919325113,0.004794000182300806,1377591,0.004648000001907349
2020-11-30 00:00:00,0.005109999794512987,0.004654999822378159,0.0045819999650120735,0.005276000127196312,2274455,0.005109999794512987
2020-12-01 00:00:00,0.005131999962031841,0.00509499991312623,0.004873999860137701,0.0055149998515844345,2220765,0.005131999962031841
2020-12-02 00:00:00,0.004736000206321478,0.005135000217705965,0.004674999974668026,0.005508999805897474,2074254,0.004736000206321478
2020-12-03 00:00:00,0.004687999840825796,0.004741000011563301,0.004643999971449375,0.0048790001310408115,1327450,0.004687999840825796
2020-12-04 00:00:00,0.004602999892085791,0.004689000081270933,0.004548000171780586,0.004856999963521957,1425932,0.004602999892085791
2020-12-05 00:00:00,0.004714000038802624,0.004606999922543764,0.004511999897658825,0.004801000002771616,1339688,0.004714000038802624
2020-12-06 00:00:00,0.0047079999931156635,0.004718999844044447,0.0046720001846551895,0.004846999887377024,1596780,0.0047079999931156635
2020-12-07 00:00:00,0.006035999860614538,0.00470300018787384,0.00470300018787384,0.006424000021070242,1137098,0.006035999860614538
2020-12-08 00:00:00,0.005491000134497881,0.006029000040143728,0.0054410002194345,0.006639000028371811,6051896,0.005491000134497881
2020-12-09 00:00:00,0.0050570000894367695,0.005512000061571598,0.0050200000405311584,0.005650999955832958,3633677,0.0050570000894367695
2020-12-10 00:00:00,0.004718999844044447,0.005059999879449606,0.004718999844044447,0.005162000190466642,1965525,0.004718999844044447
2020-12-11 00:00:00,0.004782000090926886,0.004736000206321478,0.00442600017413497,0.005080999806523323,1964391,0.004782000090926886
2020-12-12 00:00:00,0.004875000100582838,0.004774999804794788,0.0046709999442100525,0.005013999994844198,1968588,0.004875000100582838
2020-12-13 00:00:00,0.004736999981105328,0.0048779998905956745,0.004712000023573637,0.004914000164717436,2018784,0.004736999981105328
2020-12-14 00:00:00,0.0049230000004172325,0.004732999950647354,0.00456500006839633,0.0050130002200603485,2062494,0.0049230000004172325
2020-12-15 00:00:00,0.004765000194311142,0.0049230000004172325,0.004699000157415867,0.005156999919563532,1934558,0.004765000194311142
2020-12-16 00:00:00,0.0047079999931156635,0.004767000209540129,0.0046720001846551895,0.004972999915480614,2033299,0.0047079999931156635
2020-12-17 00:00:00,0.004668999928981066,0.004699999932199717,0.004621000029146671,0.004809000063687563,1876380,0.004668999928981066
2020-12-18 00:00:00,0.004662000108510256,0.004668000154197216,0.004606000147759914,0.004782000090926886,1259585,0.004662000108510256
2020-12-19 00:00:00,0.004660000093281269,0.004662000108510256,0.004621999803930521,0.004782999865710735,1428586,0.004660000093281269
2020-12-20 00:00:00,0.004648000001907349,0.004660999868065119,0.004435000009834766,0.004683999810367823,1606521,0.004648000001907349
2020-12-21 00:00:00,0.004141999874264002,0.004647000227123499,0.004029000177979469,0.004647000227123499,1543362,0.004141999874264002
2020-12-22 00:00:00,0.0040779998525977135,0.004135999828577042,0.004000999964773655,0.004211000166833401,1610835,0.0040779998525977135
2020-12-23 00:00:00,0.0029440000653266907,0.004071999806910753,0.0029440000653266907,0.004118000157177448,1635552,0.0029440000653266907
2020-12-24 00:00:00,0.0030819999519735575,0.0029410000424832106,0.0028150000143796206,0.0031270000617951155,1208963,0.0030819999519735575
2020-12-25 00:00:00,0.0028929999098181725,0.0030849999748170376,0.0028800000436604023,0.003192000091075897,432541,0.0028929999098181725
2020-12-26 00:00:00,0.00342399999499321,0.0028929999098181725,0.0028490000404417515,0.004492000211030245,2280962,0.00342399999499321
2020-12-27 00:00:00,0.0029730000533163548,0.00342700001783669,0.0029700000304728746,0.0036349999718368053,1374391,0.0029730000533163548
2020-12-28 00:00:00,0.0029819998890161514,0.0029670000076293945,0.002894999925047159,0.003208999987691641,823102,0.0029819998890161514
2020-12-29 00:00:00,0.003002000041306019,0.0029750000685453415,0.002795000094920397,0.0031419999431818724,589997,0.003002000041306019
2020-12-30 00:00:00,0.0030429998878389597,0.0029980000108480453,0.0028840000741183758,0.003502999898046255,999487,0.0030429998878389597
2020-12-31 00:00:00,0.0034660000819712877,0.003046999918296933,0.0030320000369101763,0.0034680000972002745,763195,0.0034660000819712877
2021-01-01 00:00:00,0.003372000064700842,0.0034650000743567944,0.003226999891921878,0.0034990001004189253,633319,0.003372000064700842
2021-01-02 00:00:00,0.0033770001027733088,0.003372000064700842,0.003235999960452318,0.0033909999765455723,675849,0.0033770001027733088
2021-01-03 00:00:00,0.003246000036597252,0.0033839999232441187,0.003246000036597252,0.0035349999088793993,671088,0.003246000036597252
2021-01-04 00:00:00,0.0031590000726282597,0.0032399999909102917,0.0030479999259114265,0.0033970000222325325,737006,0.0031590000726282597
2021-01-05 00:00:00,0.003269999986514449,0.003157000057399273,0.003097000066190958,0.0033360000234097242,678019,0.003269999986514449
2021-01-06 00:00:00,0.004025000147521496,0.0032709999941289425,0.0031210000161081553,0.004437999799847603,1906996,0.004025000147521496
2021-01-07 00:00:00,0.0036269999109208584,0.004023000132292509,0.003576999995857477,0.00458399998024106,2012051,0.0036269999109208584
2021-01-08 00:00:00,0.003725999966263771,0.003630999941378832,0.003289999905973673,0.00406000018119812,1427075,0.003725999966263771
2021-01-09 00:00:00,0.003965000156313181,0.0037299999967217445,0.0037249999586492777,0.004162999801337719,1281887,0.003965000156313181
2021-01-10 00:00:00,0.0036849998869001865,0.003957000095397234,0.0036180000752210617,0.00418699998408556,1203919,0.0036849998869001865
2021-01-11 00:00:00,0.003208999987691641,0.003684000112116337,0.0029150000773370266,0.00368599989451468,1327926,0.003208999987691641
2021-01-12 00:00:00,0.0030529999639838934,0.0032160000409930944,0.0029849999118596315,0.0032820000778883696,756265,0.0030529999639838934
2021-01-13 00:00:00,0.0032130000181496143,0.0030539999715983868,0.0029299999587237835,0.0033140000887215137,882267,0.0032130000181496143
2021-01-14 00:00:00,0.0030990000814199448,0.003208999987691641,0.0030690000858157873,0.003298999974504113,1023841,0.0030990000814199448
2021-01-15 00:00:00,0.0032190000638365746,0.003097000066190958,0.0030559999868273735,0.0032569998875260353,844466,0.0032190000638365746
2021-01-16 00:00:00,0.003223000094294548,0.0032250001095235348,0.003137999912723899,0.003398000029847026,820357,0.003223000094294548
2021-01-17 00:00:00,0.003650000086054206,0.0032220000866800547,0.0031270000617951155,0.003734000027179718,1116018,0.003650000086054206
2021-01-18 00:00:00,0.004422000143676996,0.0036520001012831926,0.0034119999036192894,0.005140000022947788,3824078,0.004422000143676996
2021-01-19 00:00:00,0.00368200009688735,0.004422000143676996,0.00368200009688735,0.004891000222414732,2386838,0.00368200009688735
2021-01-20 00:00:00,0.003493000054731965,0.003531999886035919,0.0033229999244213104,0.0039900001138448715,1791103,0.003493000054731965
2021-01-21 00:00:00,0.003317000111564994,0.003493000054731965,0.0032939999364316463,0.003567999927327037,1043931,0.003317000111564994
2021-01-22 00:00:00,0.003396000014618039,0.0033160001039505005,0.0030350000597536564,0.0035840000491589308,648998,0.003396000014618039
2021-01-23 00:00:00,0.0035210000351071358,0.003396000014618039,0.003280000062659383,0.0036899999249726534,1006389,0.0035210000351071358
2021-01-24 00:00:00,0.0035149999894201756,0.0035170000046491623,0.003413999918848276,0.003654999891296029,876022,0.0035149999894201756
2021-01-25 00:00:00,0.004048999864608049,0.003522000042721629,0.003515999997034669,0.0044479998759925365,2312693,0.004048999864608049
2021-01-26 00:00:00,0.004131000023335218,0.0040420000441372395,0.00369199994020164,0.004408999811857939,943070,0.004131000023335218
2021-01-27 00:00:00,0.00455200020223856,0.004135999828577042,0.004040000028908253,0.004796000197529793,2410384,0.00455200020223856
2021-01-28 00:00:00,0.005896999966353178,0.004557000007480383,0.004492000211030245,0.006146000232547522,5888539,0.005896999966353178
2021-01-29 00:00:00,0.0060720001347362995,0.005597999785095453,0.005235000047832727,0.007586999796330929,6766018,0.0060720001347362995
2021-01-30 00:00:00,0.00571200018748641,0.006074999924749136,0.005628999788314104,0.006527000106871128,3235832,0.00571200018748641
2021-01-31 00:00:00,0.0058189998380839825,0.005710999947041273,0.005293999798595905,0.006639000028371811,3677556,0.0058189998380839825
2021-02-01 00:00:00,0.005274999886751175,0.00582600012421608,0.0051460000686347485,0.005987000185996294,2122502,0.005274999886751175
2021-02-02 00:00:00,0.00558600015938282,0.005272999871522188,0.005212999880313873,0.00570000009611249,2062193,0.00558600015938282
2021-02-03 00:00:00,0.005421000067144632,0.005617999937385321,0.005247999913990498,0.00572599982842803,1608656,0.005421000067144632
2021-02-04 00:00:00,0.006517999805510044,0.005421999841928482,0.005394000094383955,0.0067969998344779015,1696754,0.006517999805510044
2021-02-05 00:00:00,0.006630999967455864,0.006519000045955181,0.006012000143527985,0.006783999968320131,3925324,0.006630999967455864
2021-02-06 00:00:00,0.006298999767750502,0.0066269999369978905,0.005956000182777643,0.006802999880164862,3463510,0.006298999767750502
2021-02-07 00:00:00,0.006537000183016062,0.006302999798208475,0.006105000153183937,0.006868000142276287,778727,0.006537000183016062
2021-02-08 00:00:00,0.006471000146120787,0.006552999839186668,0.0062699997797608376,0.006938000209629536,2665241,0.006471000146120787
2021-02-09 00:00:00,0.0072929998859763145,0.006471000146120787,0.0062779998406767845,0.007772999815642834,3426303,0.0072929998859763145
2021-02-10 00:00:00,0.0070329997688531876,0.007253000047057867,0.006525999866425991,0.007526000030338764,2594103,0.0070329997688531876
2021-02-11 00:00:00,0.007559000048786402,0.0070329997688531876,0.006763999816030264,0.0076430002227425575,2273375,0.007559000048786402
2021-02-12 00:00:00,0.010288000106811523,0.007559000048786402,0.0073990002274513245,0.011309999972581863,7752631,0.010288000106811523
2021-02-13 00:00:00,0.011181999929249287,0.010282999835908413,0.009615999646484852,0.012374999932944775,5964149,0.011181999929249287
2021-02-14 00:00:00,0.010041000321507454,0.011168000288307667,0.00951400026679039,0.011347999796271324,5705614,0.010041000321507454
2021-02-15 00:00:00,0.008996999822556973,0.010040000081062317,0.007939999923110008,0.010443000122904778,5591079,0.008996999822556973
2021-02-16 00:00:00,0.009092000313103199,0.009008999913930893,0.008654000237584114,0.009752999991178513,2610606,0.009092000313103199
2021-02-17 00:00:00,0.008933000266551971,0.009091000072658062,0.008508999831974506,0.009182999841868877,1861421,0.008933000266551971
2021-02-18 00:00:00,0.010067000053822994,0.008940000087022781,0.008837999776005745,0.010672000236809254,3821455,0.010067000053822994
2021-02-19 00:00:00,0.009018000215291977,0.010068999603390694,0.008837999776005745,0.010096999816596508,3031151,0.009018000215291977
2021-02-20 00:00:00,0.008329999633133411,0.00901699997484684,0.008205000311136246,0.009359999559819698,3195375,0.008329999633133411
2021-02-21 00:00:00,0.00849200040102005,0.008321999572217464,0.00812000036239624,0.008910000324249268,3227764,0.00849200040102005
2021-02-22 00:00:00,0.007977999746799469,0.00849399995058775,0.006705000065267086,0.0085230004042387,3117631,0.007977999746799469
2021-02-23 00:00:00,0.008566999807953835,0.00797600019723177,0.0069149998016655445,0.010638999752700329,11760348,0.008566999807953835
2021-02-24 00:00:00,0.008275000378489494,0.008569000288844109,0.007829000242054462,0.008919999934732914,3646178,0.008275000378489494
2021-02-25 00:00:00,0.008148999884724617,0.00829199980944395,0.00813400000333786,0.008667999878525734,2360504,0.008148999884724617
2021-02-26 00:00:00,0.007584000006318092,0.008148999884724617,0.007532000076025724,0.00817899964749813,1672078,0.007584000006318092
2021-02-27 00:00:00,0.00699299992993474,0.007584999781101942,0.0068870000541210175,0.00785799976438284,2392673,0.00699299992993474
2021-02-28 00:00:00,0.0057760002091526985,0.006990999914705753,0.004852000158280134,0.0070039997808635235,2746450,0.0057760002091526985
2021-03-01 00:00:00,0.007416999898850918,0.005741999950259924,0.005607999861240387,0.007826999761164188,3947454,0.007416999898850918
2021-03-02 00:00:00,0.006438999902456999,0.007406000047922134,0.006335000041872263,0.007476000115275383,1266667,0.006438999902456999
2021-03-03 00:00:00,0.006310000084340572,0.006430000066757202,0.006200999952852726,0.007027999963611364,1445327,0.006310000084340572
2021-03-04 00:00:00,0.006275000050663948,0.006306999828666449,0.006138000171631575,0.006663000211119652,1939670,0.006275000050663948
2021-03-05 00:00:00,0.005652999971061945,0.006275000050663948,0.005526999942958355,0.006275000050663948,1336577,0.005652999971061945
2021-03-06 00:00:00,0.005874000024050474,0.005657999776303768,0.005644999910145998,0.006175000220537186,1344748,0.005874000024050474
2021-03-07 00:00:00,0.006444000173360109,0.005874000024050474,0.005841999780386686,0.006934999953955412,2036621,0.006444000173360109
2021-03-08 00:00:00,0.006624999921768904,0.006444999948143959,0.0062859999015927315,0.006821000017225742,1293419,0.006624999921768904
2021-03-09 00:00:00,0.006579999811947346,0.006622999906539917,0.006424000021070242,0.006678999867290258,1671861,0.006579999811947346
2021-03-10 00:00:00,0.006690000183880329,0.006583999842405319,0.00622900016605854,0.007375999819487333,2281681,0.006690000183880329
2021-03-11 00:00:00,0.0067079998552799225,0.006688000168651342,0.0064199999906122684,0.00688599981367588,1708001,0.0067079998552799225
2021-03-12 00:00:00,0.006934999953955412,0.006707000080496073,0.006388000212609768,0.006940000224858522,1785143,0.006934999953955412
2021-03-13 00:00:00,0.009766999632120132,0.006934999953955412,0.006763000041246414,0.010456999763846397,8560237,0.009766999632120132
2021-03-14 00:00:00,0.00825399998575449,0.009705999866127968,0.007420000154525042,0.010172000154852867,4000313,0.00825399998575449
2021-03-15 00:00:00,0.007521000225096941,0.008170000277459621,0.007170000113546848,0.008678999729454517,2524739,0.007521000225096941
2021-03-16 00:00:00,0.00797600019723177,0.007532999850809574,0.007294000126421452,0.008349999785423279,1984896,0.00797600019723177
2021-03-17 00:00:00,0.007550999987870455,0.007956000044941902,0.007189000025391579,0.008040999993681908,1902274,0.007550999987870455
2021-03-18 00:00:00,0.008166000247001648,0.007575999945402145,0.007441999856382608,0.009042000398039818,3274576,0.008166000247001648
2021-03-19 00:00:00,0.009058999828994274,0.008170000277459621,0.007822000421583652,0.009743000380694866,6276711,0.009058999828994274
2021-03-20 00:00:00,0.008694999851286411,0.009088000282645226,0.008488999679684639,0.009562999941408634,3350356,0.008694999851286411
2021-03-21 00:00:00,0.008832000195980072,0.008689000271260738,0.008181000128388405,0.00889899954199791,1860703,0.008832000195980072
2021-03-22 00:00:00,0.010041999630630016,0.008867999538779259,0.008454999886453152,0.010525999590754509,6856537,0.010041999630630016
2021-03-23 00:00:00,0.008337999694049358,0.010027999989688396,0.00825599953532219,0.01046799961477518,4460331,0.008337999694049358
2021-03-24 00:00:00,0.007747999858111143,0.008394000120460987,0.007716999854892492,0.009402000345289707,3086497,0.007747999858111143
2021-03-25 00:00:00,0.007149000186473131,0.007786999922245741,0.006767999846488237,0.008062999695539474,3485549,0.007149000186473131
2021-03-26 00:00:00,0.007249000016599894,0.007153000216931105,0.006903999950736761,0.007538999896496534,2304617,0.007249000016599894
2021-03-27 00:00:00,0.00773600023239851,0.0072479997761547565,0.007197999861091375,0.007788000162690878,2381004,0.00773600023239851
2021-03-28 00:00:00,0.007741000037640333,0.007745999842882156,0.007542999926954508,0.008069000206887722,2051175,0.007741000037640333
2021-03-29 00:00:00,0.009496999904513359,0.007739999797195196,0.007555999793112278,0.0097850002348423,5879010,0.009496999904513359
2021-03-30 00:00:00,0.008844999596476555,0.00950899999588728,0.008526000194251537,0.009537000209093094,3738956,0.008844999596476555
2021-03-31 00:00:00,0.012044999748468399,0.008861999958753586,0.008793000131845474,0.013987000100314617,30232383,0.012044999748468399
2021-04-01 00:00:00,0.010870000347495079,0.011958999559283257,0.010768000036478043,0.013253999873995781,8308029,0.010870000347495079
2021-04-02 00:00:00,0.010608999989926815,0.010925999842584133,0.010532000102102757,0.01231599971652031,6539508,0.010608999989926815
2021-04-03 00:00:00,0.01228300016373396,0.010652000084519386,0.010223999619483948,0.01228300016373396,7479469,0.01228300016373396
2021-04-04 00:00:00,0.010898999869823456,0.012342999689280987,0.01071999967098236,0.012761999852955341,5877218,0.010898999869823456
2021-04-05 00:00:00,0.011996000073850155,0.010901999659836292,0.010622000321745872,0.012222999706864357,6622789,0.011996000073850155
2021-04-06 00:00:00,0.014174999669194221,0.011985000222921371,0.011110000312328339,0.01607999950647354,16535353,0.014174999669194221
2021-04-07 00:00:00,0.014034999534487724,0.014275000430643559,0.012877999804913998,0.017179999500513077,20956519,0.014034999534487724
2021-04-08 00:00:00,0.015143999829888344,0.014034000225365162,0.013931999914348125,0.016925999894738197,9442583,0.015143999829888344
2021-04-09 00:00:00,0.013852999545633793,0.015166000463068485,0.013852999545633793,0.01550500001758337,5494406,0.013852999545633793
2021-04-10 00:00:00,0.013735000044107437,0.01385200023651123,0.013465999625623226,0.01448800042271614,3936667,0.013735000044107437
2021-04-11 00:00:00,0.01405400037765503,0.013748999685049057,0.01372199971228838,0.015002000145614147,4646551,0.01405400037765503
2021-04-12 00:00:00,0.01269800029695034,0.014046000316739082,0.012528999708592892,0.014066999778151512,5016099,0.01269800029695034
2021-04-13 00:00:00,0.013016999699175358,0.012722999788820744,0.012586000375449657,0.013697000220417976,4232548,0.013016999699175358
2021-04-14 00:00:00,0.01229500025510788,0.013017999939620495,0.011579000391066074,0.013387000188231468,4428312,0.01229500025510788
2021-04-15 00:00:00,0.01270699966698885,0.012277999892830849,0.012024999596178532,0.01333799958229065,3605629,0.01270699966698885
2021-04-16 00:00:00,0.01203100010752678,0.012702999636530876,0.011637000367045403,0.01285799965262413,4218980,0.01203100010752678
2021-04-17 00:00:00,0.012400000356137753,0.012064999900758266,0.01158200018107891,0.01284599956125021,6484852,0.012400000356137753
2021-04-18 00:00:00,0.011719999834895134,0.012299000285565853,0.009674999862909317,0.012431000359356403,9035787,0.011719999834895134
2021-04-19 00:00:00,0.009271999821066856,0.011719999834895134,0.009178999811410904,0.011721000075340271,5036198,0.009271999821066856
2021-04-20 00:00:00,0.010444999672472477,0.009265000000596046,0.008522000163793564,0.01090800017118454,4728290,0.010444999672472477
2021-04-21 00:00:00,0.009573999792337418,0.010483000427484512,0.009329999797046185,0.010770999826490879,3080447,0.009573999792337418
2021-04-22 00:00:00,0.008617999963462353,0.009580999612808228,0.008569000288844109,0.009859999641776085,2234500,0.008617999963462353
2021-04-23 00:00:00,0.008225999772548676,0.008654000237584114,0.006965999957174063,0.00867099966853857,3078591,0.008225999772548676
2021-04-24 00:00:00,0.007911999709904194,0.008179999887943268,0.007199999876320362,0.008852999657392502,3595785,0.007911999709904194
2021-04-25 00:00:00,0.007880999706685543,0.007938000373542309,0.007712000049650669,0.008515999652445316,2962945,0.007880999706685543
2021-04-26 00:00:00,0.009065999649465084,0.00788000039756298,0.00788000039756298,0.009242000058293343,2972363,0.009065999649465084
2021-04-27 00:00:00,0.008995999582111835,0.009065000340342522,0.008845999836921692,0.009437000378966331,2567352,0.008995999582111835
2021-04-28 00:00:00,0.009038000367581844,0.008987000212073326,0.008252999745309353,0.009328000247478485,2928067,0.009038000367581844
2021-04-29 00:00:00,0.008829999715089798,0.00903599988669157,0.00863800011575222,0.009177000261843204,2014726,0.008829999715089798
2021-04-30 00:00:00,0.009368999861180782,0.008841999806463718,0.008522000163793564,0.009468000382184982,2785966,0.009368999861180782
2021-05-01 00:00:00,0.009092999622225761,0.009368999861180782,0.009007999673485756,0.009684000164270401,2238672,0.009092999622225761
2021-05-02 00:00:00,0.009006000123918056,0.009087000042200089,0.008565000258386135,0.009138000197708607,1913528,0.009006000123918056
2021-05-03 00:00:00,0.008817000314593315,0.009007000364363194,0.008817000314593315,0.009157000109553337,1745814,0.008817000314593315
2021-05-04 00:00:00,0.007579000201076269,0.008836000226438046,0.007443999871611595,0.008856000378727913,3042933,0.007579000201076269
2021-05-05 00:00:00,0.008038000203669071,0.007555999793112278,0.007519999984651804,0.00854399986565113,3776506,0.008038000203669071
2021-05-06 00:00:00,0.007846999913454056,0.008036999963223934,0.007534000091254711,0.008237999863922596,3018518,0.007846999913454056
2021-05-07 00:00:00,0.008546999655663967,0.007854999974370003,0.007631000131368637,0.009440000168979168,3536069,0.008546999655663967
2021-05-08 00:00:00,0.00862099975347519,0.008549000136554241,0.008124999701976776,0.009759999811649323,4129602,0.00862099975347519
2021-05-09 00:00:00,0.008464000187814236,0.008643999695777893,0.007962999865412712,0.00910400040447712,2664776,0.008464000187814236
2021-05-10 00:00:00,0.0132039999589324,0.008456000126898289,0.0077749998308718204,0.017550000920891762,55996649,0.0132039999589324
2021-05-11 00:00:00,0.009289000183343887,0.013311999849975109,0.00861900020390749,0.014696000143885612,41446580,0.009289000183343887
2021-05-12 00:00:00,0.007536000106483698,0.009271999821066856,0.007278999779373407,0.009440000168979168,7160894,0.007536000106483698
2021-05-13 00:00:00,0.007091000210493803,0.00747800013050437,0.006694000214338303,0.00803299993276596,6749612,0.007091000210493803
2021-05-14 00:00:00,0.0073020001873373985,0.00709300022572279,0.007069000042974949,0.0077669997699558735,3196627,0.0073020001873373985
2021-05-15 00:00:00,0.006403000093996525,0.007309999782592058,0.0063390000723302364,0.007389000151306391,2966302,0.006403000093996525
2021-05-16 00:00:00,0.006463999859988689,0.006409000139683485,0.006318000145256519,0.006930999923497438,2463133,0.006463999859988689
2021-05-17 00:00:00,0.005677000153809786,0.006444999948143959,0.005303000099956989,0.00649499986320734,3690811,0.005677000153809786
2021-05-18 00:00:00,0.006074000149965286,0.005677000153809786,0.005588999949395657,0.007087999954819679,5113921,0.006074000149965286
2021-05-19 00:00:00,0.0044120000675320625,0.006074000149965286,0.0026499999221414328,0.006256000138819218,6307824,0.0044120000675320625
2021-05-20 00:00:00,0.004189999774098396,0.004387000110000372,0.0036510000936686993,0.004997999873012304,10635012,0.004189999774098396
2021-05-21 00:00:00,0.0037239999510347843,0.004191000014543533,0.003223000094294548,0.004542000126093626,7706529,0.0037239999510347843
2021-05-22 00:00:00,0.0037899999879300594,0.003725999966263771,0.003186000045388937,0.004203000105917454,10377945,0.0037899999879300594
2021-05-23 00:00:00,0.0035039999056607485,0.003785999957472086,0.0028069999534636736,0.004222000017762184,5185491,0.0035039999056607485
2021-05-24 00:00:00,0.0038560000248253345,0.003487000009045005,0.0032049999572336674,0.003961999900639057,3150804,0.0038560000248253345
2021-05-25 00:00:00,0.003914999775588512,0.003857000032439828,0.003438000101596117,0.0039900001138448715,3700317,0.003914999775588512
2021-05-26 00:00:00,0.004236999899148941,0.003914999775588512,0.003843999933451414,0.004246999975293875,5250261,0.004236999899148941
2021-05-27 00:00:00,0.0041069998405873775,0.004238999914377928,0.003720999928191304,0.0043219998478889465,4605925,0.0041069998405873775
2021-05-28 00:00:00,0.0039610001258552074,0.004110000096261501,0.0035649999044835567,0.004131999798119068,5185691,0.0039610001258552074
2021-05-29 00:00:00,0.003759999992325902,0.003963000141084194,0.0036200000904500484,0.004263999871909618,5070297,0.003759999992325902
2021-05-30 00:00:00,0.0040350002236664295,0.003759999992325902,0.003570999950170517,0.004261999856680632,3580604,0.0040350002236664295
2021-05-31 00:00:00,0.0047519998624920845,0.004036999773234129,0.00395999988541007,0.004881000146269798,6833148,0.0047519998624920845
2021-06-01 00:00:00,0.004273000173270702,0.0047519998624920845,0.004209999926388264,0.004757000133395195,4739886,0.004273000173270702
2021-06-02 00:00:00,0.004290999844670296,0.004271999932825565,0.004188000224530697,0.004449999891221523,2184134,0.004290999844670296
2021-06-03 00:00:00,0.004209999926388264,0.004292000085115433,0.0041160001419484615,0.004354999866336584,2130962,0.004209999926388264
2021-06-04 00:00:00,0.003911999985575676,0.004222000017762184,0.0036639999598264694,0.004230999853461981,1676016,0.003911999985575676
2021-06-05 00:00:00,0.003763000015169382,0.003911000210791826,0.003642000025138259,0.004002999980002642,2413386,0.003763000015169382
2021-06-06 00:00:00,0.0038620000705122948,0.0037620000075548887,0.0037579999770969152,0.0047530001029372215,4404710,0.0038620000705122948
2021-06-07 00:00:00,0.003604999976232648,0.0038620000705122948,0.0036039999686181545,0.003949000034481287,2464016,0.003604999976232648
2021-06-08 00:00:00,0.003321999916806817,0.0036039999686181545,0.003108999924734235,0.003642000025138259,2045497,0.003321999916806817
2021-06-09 00:00:00,0.0035459999926388264,0.003335000015795231,0.0030869999900460243,0.0035620001144707203,1910966,0.0035459999926388264
2021-06-10 00:00:00,0.0034660000819712877,0.0035500000230968,0.003360999980941415,0.0036559998989105225,1640245,0.0034660000819712877
2021-06-11 00:00:00,0.003421999979764223,0.003467000089585781,0.003261999925598502,0.003633999964222312,1762035,0.003421999979764223
2021-06-12 00:00:00,0.0030980000738054514,0.003421999979764223,0.0030610000248998404,0.0034280000254511833,2580526,0.0030980000738054514
2021-06-13 00:00:00,0.0033839999232441187,0.0030980000738054514,0.0029410000424832106,0.003401000052690506,2532272,0.0033839999232441187
2021-06-14 00:00:00,0.0033809999004006386,0.0033839999232441187,0.003260999917984009,0.003512999974191189,2997917,0.0033809999004006386
2021-06-15 00:00:00,0.0034519999753683805,0.003432000055909157,0.003341000061482191,0.003621000098064542,2606179,0.0034519999753683805
2021-06-16 00:00:00,0.0032760000322014093,0.003533999901264906,0.0032550001051276922,0.0037430000957101583,2616652,0.0032760000322014093
2021-06-17 00:00:00,0.0031850000377744436,0.003275000024586916,0.0031659998930990696,0.0033660000190138817,1552278,0.0031850000377744436
2021-06-18 00:00:00,0.0030990000814199448,0.003212000010535121,0.0030040000565350056,0.003275000024586916,637434,0.0030990000814199448
2021-06-19 00:00:00,0.0033730000723153353,0.0030990000814199448,0.0030610000248998404,0.003478999948129058,1167110,0.0033730000723153353
2021-06-20 00:00:00,0.0033489998895674944,0.0033829999156296253,0.0031590000726282597,0.0038209999911487103,2010778,0.0033489998895674944
2021-06-21 00:00:00,0.0022909999825060368,0.003329999977722764,0.0022090000566095114,0.0034179999493062496,1712443,0.0022909999825060368
2021-06-22 00:00:00,0.0022239999379962683,0.0023010000586509705,0.00203699991106987,0.002732000080868602,1426303,0.0022239999379962683
2021-06-23 00:00:00,0.002400000113993883,0.0022239999379962683,0.002128999913111329,0.0025949999690055847,583142,0.002400000113993883
2021-06-24 00:00:00,0.002471999963745475,0.0023719999007880688,0.0022040000185370445,0.0025420000310987234,569379,0.002471999963745475
2021-06-25 00:00:00,0.00303900009021163,0.002471999963745475,0.00202700006775558,0.003329999977722764,6253811,0.00303900009021163
2021-06-26 00:00:00,0.0025390000082552433,0.003043999895453453,0.0020630001090466976,0.003089000005275011,9648581,0.0025390000082552433
2021-06-27 00:00:00,0.002177000045776367,0.0025210001040250063,0.0020149999763816595,0.0025339999701827765,2835063,0.002177000045776367
2021-06-28 00:00:00,0.002194999950006604,0.0021750000305473804,0.002114000031724572,0.0022750000935047865,1301396,0.002194999950006604
2021-06-29 00:00:00,0.0022330000065267086,0.002194999950006604,0.00216299993917346,0.002322999993339181,1389390,0.0022330000065267086
2021-06-30 00:00:00,0.0022499999031424522,0.0022330000065267086,0.0021639999467879534,0.002259999979287386,932219,0.0022499999031424522
2021-07-01 00:00:00,0.002131999935954809,0.002248999895527959,0.0019970000721514225,0.0024389999452978373,1572178,0.002131999935954809
2021-07-02 00:00:00,0.00228299992159009,0.002130999928340316,0.0020800000056624413,0.002788000041618943,7178039,0.00228299992159009
2021-07-03 00:00:00,0.0022169998846948147,0.0022799998987466097,0.0021230001002550125,0.002339000115171075,1870278,0.0022169998846948147
2021-07-04 00:00:00,0.002245000097900629,0.0022169998846948147,0.0021609999239444733,0.0023950000759214163,1512276,0.002245000097900629
2021-07-05 00:00:00,0.002265000017359853,0.0022460001055151224,0.002208000048995018,0.0023380001075565815,1038139,0.002265000017359853
2021-07-06 00:00:00,0.0023769999388605356,0.0022589999716728926,0.0022509999107569456,0.0024480000138282776,2561613,0.0023769999388605356
2021-07-07 00:00:00,0.0023789999540895224,0.0023769999388605356,0.0023240000009536743,0.002492999890819192,1435700,0.0023789999540895224
2021-07-08 00:00:00,0.002053000032901764,0.0023789999540895224,0.0019940000493079424,0.002392000053077936,1958438,0.002053000032901764
2021-07-09 00:00:00,0.0020959998946636915,0.002051000017672777,0.0020119999535381794,0.0022189998999238014,1325368,0.0020959998946636915
2021-07-10 00:00:00,0.002099999925121665,0.002094999887049198,0.0020389999262988567,0.002188999904319644,1774065,0.002099999925121665
2021-07-11 00:00:00,0.0021200000774115324,0.002099999925121665,0.002056000055745244,0.00216299993917346,781778,0.0021200000774115324
2021-07-12 00:00:00,0.0020890000741928816,0.0021200000774115324,0.002044999971985817,0.0021470000501722097,1024776,0.0020890000741928816
2021-07-13 00:00:00,0.0019839999731630087,0.0020890000741928816,0.001972000114619732,0.002090000081807375,936354,0.0019839999731630087
2021-07-14 00:00:00,0.0019280000124126673,0.0019839999731630087,0.0019000000320374966,0.0020149999763816595,755784,0.0019280000124126673
2021-07-15 00:00:00,0.0017950000474229455,0.0019280000124126673,0.001756999990902841,0.0019369999645277858,797021,0.0017950000474229455
2021-07-16 00:00:00,0.0016599999507889152,0.0017999999690800905,0.0016469999682158232,0.0018619999755173922,874922,0.0016599999507889152
2021-07-17 00:00:00,0.001690999954007566,0.0016550000291317701,0.0016339999856427312,0.0017209999496117234,643706,0.001690999954007566
2021-07-18 00:00:00,0.0017030000453814864,0.001690999954007566,0.0016690000193193555,0.001762000028975308,630345,0.0017030000453814864
2021-07-19 00:00:00,0.0016169999726116657,0.0017030000453814864,0.0015920000150799751,0.0017470000311732292,719906,0.0016169999726116657
2021-07-20 00:00:00,0.0013589999871328473,0.0016169999726116657,0.0013379999436438084,0.0016199999954551458,904647,0.0013589999871328473
2021-07-21 00:00:00,0.0014819999923929572,0.0013599999947473407,0.001348000019788742,0.0015660000499337912,1548992,0.0014819999923929572
2021-07-22 00:00:00,0.001471000025048852,0.0014819999923929572,0.0014260000316426158,0.0015529999509453773,785259,0.001471000025048852
2021-07-23 00:00:00,0.0014639999717473984,0.0014700000174343586,0.0014260000316426158,0.0015190000412985682,620919,0.0014639999717473984
2021-07-24 00:00:00,0.0014799999771639705,0.0014720000326633453,0.0014609999489039183,0.0015480000292882323,719693,0.0014799999771639705
2021-07-25 00:00:00,0.0014880000380799174,0.0014799999771639705,0.0014380000066012144,0.0016479999758303165,1305715,0.0014880000380799174
2021-07-26 00:00:00,0.001614999957382679,0.0014880000380799174,0.0014830000000074506,0.0018110000528395176,1334522,0.001614999957382679
2021-07-27 00:00:00,0.0017709999810904264,0.0016189999878406525,0.0015699999639764428,0.001841000048443675,1062020,0.0017709999810904264
2021-07-28 00:00:00,0.0027409999165683985,0.0017709999810904264,0.0017519999528303742,0.003407000098377466,8434102,0.0027409999165683985
2021-07-29 00:00:00,0.003863000078126788,0.0027310000732541084,0.0026920000091195107,0.0064489999786019325,61879275,0.003863000078126788
2021-07-30 00:00:00,0.003819999983534217,0.0038930000737309456,0.003809999907389283,0.004344000015407801,9397736,0.003819999983534217
2021-07-31 00:00:00,0.00558099988847971,0.0038169999606907368,0.003809999907389283,0.006463999859988689,26755899,0.00558099988847971
2021-08-01 00:00:00,0.004261999856680632,0.005588000174611807,0.004215000197291374,0.0062409997917711735,16498813,0.004261999856680632
2021-08-02 00:00:00,0.009668000042438507,0.004263000097125769,0.004046000074595213,0.010250000283122063,67130526,0.009668000042438507
2021-08-03 00:00:00,0.02335900068283081,0.009770999662578106,0.008913000114262104,0.026427000761032104,199796954,0.02335900068283081
2021-08-04 00:00:00,0.026758000254631042,0.023715000599622726,0.018803000450134277,0.03904400020837784,213039452,0.026758000254631042
2021-08-05 00:00:00,0.07130900025367737,0.026739999651908875,0.02601199969649315,0.07590000331401825,300876566,0.07130900025367737
2021-08-06 00:00:00,0.15684500336647034,0.07068800181150436,0.06124399974942207,0.19750399887561798,814635306,0.15684500336647034
2021-08-07 00:00:00,0.09797299653291702,0.15825599431991577,0.08770500123500824,0.16969500482082367,539837521,0.09797299653291702
2021-08-08 00:00:00,0.10305599868297577,0.09717600047588348,0.08148100227117538,0.14022600650787354,339315514,0.10305599868297577
2021-08-09 00:00:00,0.10125300288200378,0.10274899750947952,0.09985899925231934,0.12375699728727341,190518057,0.10125300288200378
2021-08-10 00:00:00,0.0909079983830452,0.10134000331163406,0.08614999800920486,0.10707899928092957,147794748,0.0909079983830452
2021-08-11 00:00:00,0.08879899978637695,0.09088999778032303,0.07849700003862381,0.13587899506092072,623146383,0.08879899978637695
2021-08-12 00:00:00,0.08986900001764297,0.08885599672794342,0.08723799884319305,0.10226300358772278,281706033,0.08986900001764297
2021-08-13 00:00:00,0.08742699772119522,0.08995500206947327,0.08622799813747406,0.09367600083351135,153398772,0.08742699772119522
2021-08-14 00:00:00,0.08531700074672699,0.08687099814414978,0.08215700089931488,0.09173499792814255,175426256,0.08531700074672699
2021-08-15 00:00:00,0.08134499937295914,0.08534500002861023,0.08102600276470184,0.08730600029230118,114140575,0.08134499937295914
2021-08-16 00:00:00,0.07508499920368195,0.08131600171327591,0.06962200254201889,0.0824199989438057,144548818,0.07508499920368195
2021-08-17 00:00:00,0.06755899637937546,0.07506299763917923,0.06755899637937546,0.07614699751138687,126643042,0.06755899637937546
2021-08-18 00:00:00,0.07858499884605408,0.06756900250911713,0.06376700103282928,0.08551199734210968,232445379,0.07858499884605408
2021-08-19 00:00:00,0.07716699689626694,0.07862699776887894,0.07238499820232391,0.08045099675655365,164125464,0.07716699689626694
2021-08-20 00:00:00,0.08728700131177902,0.07714799791574478,0.07295399904251099,0.08911500126123428,180816206,0.08728700131177902
2021-08-21 00:00:00,0.10040099918842316,0.08728600293397903,0.08207099884748459,0.10685800015926361,277690159,0.10040099918842316
2021-08-22 00:00:00,0.11115200072526932,0.10020200163125992,0.09586799889802933,0.11723600327968597,319260516,0.11115200072526932
2021-08-23 00:00:00,0.12929700314998627,0.11114100366830826,0.11001499742269516,0.1404549926519394,462995750,0.12929700314998627
2021-08-24 00:00:00,0.10434400290250778,0.12955500185489655,0.10412800312042236,0.133432999253273,315419815,0.10434400290250778
2021-08-25 00:00:00,0.110214002430439,0.10468699783086777,0.10168299823999405,0.12061700224876404,205065270,0.110214002430439
2021-08-26 00:00:00,0.10487599670886993,0.11040899902582169,0.10294699668884277,0.11395599693059921,120444877,0.10487599670886993
2021-08-27 00:00:00,0.11498499661684036,0.10430999845266342,0.09741699695587158,0.11690299957990646,157419245,0.11498499661684036
2021-08-28 00:00:00,0.11027199774980545,0.11495299637317657,0.10933800041675568,0.12068799883127213,180946559,0.11027199774980545
2021-08-29 00:00:00,0.11039000004529953,0.11080799996852875,0.10707200318574905,0.1139649972319603,91270835,0.11039000004529953
2021-08-30 00:00:00,0.09854099899530411,0.11109299957752228,0.09850700199604034,0.11161799728870392,112867288,0.09854099899530411
2021-08-31 00:00:00,0.09805399924516678,0.09930799901485443,0.09602800011634827,0.10358099639415741,121654776,0.09805399924516678
2021-09-01 00:00:00,0.10639400035142899,0.09809999912977219,0.09387700259685516,0.10900100320577621,125904114,0.10639400035142899
2021-09-02 00:00:00,0.09791299700737,0.10649900138378143,0.09629099816083908,0.10663600265979767,110771770,0.09791299700737
2021-09-03 00:00:00,0.09507700055837631,0.09787099808454514,0.09383200109004974,0.10298199951648712,106445870,0.09507700055837631
2021-09-04 00:00:00,0.09022899717092514,0.09510400146245956,0.0901930034160614,0.09718400239944458,115170046,0.09022899717092514
2021-09-05 00:00:00,0.09329599887132645,0.09024599939584732,0.09004899859428406,0.09713199734687805,101087235,0.09329599887132645
2021-09-06 00:00:00,0.10074000060558319,0.09314599633216858,0.09292499721050262,0.10808300226926804,195777220,0.10074000060558319
2021-09-07 00:00:00,0.08587300032377243,0.10074400156736374,0.07571300119161606,0.10225600004196167,124087097,0.08587300032377243
2021-09-08 00:00:00,0.0822490006685257,0.08609499782323837,0.07893600314855576,0.08795899897813797,79600075,0.0822490006685257
2021-09-09 00:00:00,0.08061300218105316,0.08110299706459045,0.07941699773073196,0.0881740003824234,95435037,0.08061300218105316
2021-09-10 00:00:00,0.07349400222301483,0.08063600212335587,0.07212500274181366,0.08149600028991699,80749530,0.07349400222301483
2021-09-11 00:00:00,0.07694800198078156,0.07354500144720078,0.07354100048542023,0.08373899757862091,86616900,0.07694800198078156
2021-09-12 00:00:00,0.07709100097417831,0.07701700180768967,0.07529699802398682,0.08164499700069427,62638530,0.07709100097417831
2021-09-13 00:00:00,0.07563000172376633,0.07705999910831451,0.07099699974060059,0.08077199757099152,66828738,0.07563000172376633
2021-09-14 00:00:00,0.07521499693393707,0.07560300081968307,0.0738380029797554,0.07853899896144867,47397587,0.07521499693393707
2021-09-15 00:00:00,0.0766730010509491,0.07525400072336197,0.07395999878644943,0.07893600314855576,61750248,0.0766730010509491
2021-09-16 00:00:00,0.07755699753761292,0.07669299840927124,0.0755079984664917,0.09113100171089172,107948681,0.07755699753761292
2021-09-17 00:00:00,0.07739699631929398,0.07756499946117401,0.07561299949884415,0.08144599944353104,54444848,0.07739699631929398
2021-09-18 00:00:00,0.08100800216197968,0.07734300196170807,0.0759269967675209,0.08115299791097641,60839545,0.08100800216197968
2021-09-19 00:00:00,0.08455000072717667,0.08100699633359909,0.07984600216150284,0.08763699978590012,86319543,0.08455000072717667
2021-09-20 00:00:00,0.07097700238227844,0.08476399630308151,0.06863900274038315,0.0849049985408783,65532149,0.07097700238227844
2021-09-21 00:00:00,0.06897900253534317,0.07093600183725357,0.06836599856615067,0.07539299875497818,54383352,0.06897900253534317
2021-09-22 00:00:00,0.07357099652290344,0.06897100061178207,0.06882499903440475,0.07396800071001053,40816378,0.07357099652290344
2021-09-23 00:00:00,0.07398399710655212,0.07357700169086456,0.0716869980096817,0.0753289982676506,46684247,0.07398399710655212
2021-09-24 00:00:00,0.06630899757146835,0.0739860013127327,0.06056499853730202,0.0740009993314743,43616649,0.06630899757146835
2021-09-25 00:00:00,0.06780599802732468,0.06633099913597107,0.06238500028848648,0.0678580030798912,43738792,0.06780599802732468
2021-09-26 00:00:00,0.062609001994133,0.06780000030994415,0.057707998901605606,0.06780000030994415,41988192,0.062609001994133
2021-09-27 00:00:00,0.06135899946093559,0.0625310018658638,0.061076998710632324,0.06485000252723694,29222437,0.06135899946093559
2021-09-28 00:00:00,0.059487998485565186,0.061152998358011246,0.05795399844646454,0.06182900071144104,29363195,0.059487998485565186
2021-09-29 00:00:00,0.061149999499320984,0.05952699854969978,0.05872900038957596,0.06690199673175812,41192486,0.061149999499320984
2021-09-30 00:00:00,0.06283500045537949,0.06115400046110153,0.060910001397132874,0.06466399878263474,29086359,0.06283500045537949
2021-10-01 00:00:00,0.0730379968881607,0.06288299709558487,0.06288299709558487,0.07589700073003769,47894444,0.0730379968881607
2021-10-02 00:00:00,0.07061800360679626,0.07304500043392181,0.07052800059318542,0.0744590014219284,29116056,0.07061800360679626
2021-10-03 00:00:00,0.07000900059938431,0.07061100006103516,0.06879399716854095,0.07167699933052063,21780247,0.07000900059938431
2021-10-04 00:00:00,0.06541900336742401,0.0700019970536232,0.0646589994430542,0.07007800042629242,31163009,0.06541900336742401
2021-10-05 00:00:00,0.06517499685287476,0.0654280036687851,0.06378699839115143,0.06795600056648254,32655488,0.06517499685287476
2021-10-06 00:00:00,0.06253399699926376,0.06515800207853317,0.061358001083135605,0.06558699905872345,37141005,0.06253399699926376
2021-10-07 00:00:00,0.059282999485731125,0.0625080019235611,0.05820700153708458,0.06257999688386917,50265499,0.059282999485731125
2021-10-08 00:00:00,0.060405001044273376,0.059039998799562454,0.05877000093460083,0.06204599887132645,39413511,0.060405001044273376
2021-10-09 00:00:00,0.0667399987578392,0.060378000140190125,0.05869099870324135,0.07234600186347961,96912873,0.0667399987578392
2021-10-10 00:00:00,0.060888998210430145,0.06674999743700027,0.060888998210430145,0.06966400146484375,77269636,0.060888998210430145
2021-10-11 00:00:00,0.062029000371694565,0.06099100038409233,0.060433998703956604,0.06416899710893631,45783563,0.062029000371694565
2021-10-12 00:00:00,0.061156999319791794,0.062008000910282135,0.06000300124287605,0.06256800144910812,36783136,0.061156999319791794
2021-10-13 00:00:00,0.060878999531269073,0.061177998781204224,0.06000199913978577,0.062352001667022705,28590071,0.060878999531269073
2021-10-14 00:00:00,0.06102700158953667,0.060878001153469086,0.06047400087118149,0.06198599934577942,26617087,0.06102700158953667
2021-10-15 00:00:00,0.06647899746894836,0.06102700158953667,0.060405001044273376,0.06869299709796906,73086320,0.06647899746894836
2021-10-16 00:00:00,0.06558900326490402,0.06651400029659271,0.06381600350141525,0.07130900025367737,45408632,0.06558900326490402
2021-10-17 00:00:00,0.06413199752569199,0.06548099964857101,0.06324099749326706,0.06706000119447708,28094350,0.06413199752569199
2021-10-18 00:00:00,0.06284700334072113,0.064130999147892,0.06204099953174591,0.06487999856472015,22502283,0.06284700334072113
2021-10-19 00:00:00,0.061875998973846436,0.0628490000963211,0.06131700053811073,0.06512399762868881,21337240,0.061875998973846436
2021-10-20 00:00:00,0.06251999735832214,0.061772000044584274,0.06149199977517128,0.063510000705719,26068402,0.06251999735832214
2021-10-21 00:00:00,0.0613429993391037,0.06261099874973297,0.06086200103163719,0.06457100063562393,25749364,0.0613429993391037
2021-10-22 00:00:00,0.06091900169849396,0.06132400035858154,0.060187000781297684,0.06233400106430054,16696925,0.06091900169849396
2021-10-23 00:00:00,0.06119700148701668,0.06092600151896477,0.06075400114059448,0.06193099915981293,15979379,0.06119700148701668
2021-10-24 00:00:00,0.058917999267578125,0.061197999864816666,0.05827699974179268,0.06222100183367729,22469222,0.058917999267578125
2021-10-25 00:00:00,0.059803999960422516,0.05891900137066841,0.058883000165224075,0.06074000149965286,18725915,0.059803999960422516
2021-10-26 00:00:00,0.058228999376297,0.059803999960422516,0.05782400071620941,0.05998900160193443,29492795,0.058228999376297
2021-10-27 00:00:00,0.04980500042438507,0.05821700021624565,0.04781800135970116,0.05867400020360947,51357750,0.04980500042438507
2021-10-28 00:00:00,0.05945400148630142,0.049942001700401306,0.04812199994921684,0.06778299808502197,108345066,0.05945400148630142
2021-10-29 00:00:00,0.06435199826955795,0.059459999203681946,0.05915899947285652,0.0659789964556694,52402144,0.06435199826955795
2021-10-30 00:00:00,0.05830100178718567,0.06441099941730499,0.057767000049352646,0.06474000215530396,44468076,0.05830100178718567
2021-10-31 00:00:00,0.07165899872779846,0.058267999440431595,0.05711900070309639,0.08651000261306763,168236703,0.07165899872779846
2021-11-01 00:00:00,0.07574599981307983,0.07166600227355957,0.06992699950933456,0.08403000235557556,130208924,0.07574599981307983
2021-11-02 00:00:00,0.07571599632501602,0.0758180022239685,0.07088200002908707,0.0821089968085289,91553186,0.07571599632501602
2021-11-03 00:00:00,0.10176999866962433,0.07572299987077713,0.07449699938297272,0.10488100349903107,185599845,0.10176999866962433
2021-11-04 00:00:00,0.09562099725008011,0.10168900340795517,0.0879639983177185,0.11968199908733368,208824448,0.09562099725008011
2021-11-05 00:00:00,0.0832199975848198,0.09564000368118286,0.08271399885416031,0.09635099768638611,67194386,0.0832199975848198
2021-11-06 00:00:00,0.08988499641418457,0.08326400071382523,0.08299300074577332,0.09525399655103683,59567273,0.08988499641418457
2021-11-07 00:00:00,0.08473499864339828,0.08988499641418457,0.0820159986615181,0.09180399775505066,45837308,0.08473499864339828
2021-11-08 00:00:00,0.10277800261974335,0.08471699804067612,0.08279299736022949,0.10312700271606445,79988941,0.10277800261974335
2021-11-09 00:00:00,0.09703599661588669,0.10274200141429901,0.09555699676275253,0.11269199848175049,114998311,0.09703599661588669
2021-11-10 00:00:00,0.09296800196170807,0.09727700054645538,0.08998999744653702,0.10390300303697586,71608737,0.09296800196170807
2021-11-11 00:00:00,0.09252899885177612,0.09294900298118591,0.08887200057506561,0.09845300018787384,44847496,0.09252899885177612
2021-11-12 00:00:00,0.08698000013828278,0.09242100268602371,0.0846090018749237,0.09454099833965302,48080350,0.08698000013828278
2021-11-13 00:00:00,0.09285400062799454,0.0870790034532547,0.08571700006723404,0.09428700059652328,37098332,0.09285400062799454
2021-11-14 00:00:00,0.08984000235795975,0.0928099974989891,0.08803299814462662,0.09390699863433838,31963822,0.08984000235795975
2021-11-15 00:00:00,0.09363599866628647,0.08978100121021271,0.08978100121021271,0.09907100349664688,45907892,0.09363599866628647
2021-11-16 00:00:00,0.0832040011882782,0.09364400058984756,0.08213800191879272,0.09418100118637085,48632649,0.0832040011882782
2021-11-17 00:00:00,0.07992800325155258,0.0831959992647171,0.07665800303220749,0.08817999809980392,55487655,0.07992800325155258
2021-11-18 00:00:00,0.06931900233030319,0.07989300042390823,0.06859400123357773,0.0845320001244545,55290872,0.06931900233030319
2021-11-19 00:00:00,0.08097299933433533,0.06935200095176697,0.06877300143241882,0.0836620032787323,54066024,0.08097299933433533
2021-11-20 00:00:00,0.08326900005340576,0.08097399771213531,0.07864700257778168,0.08644600212574005,40977450,0.08326900005340576
2021-11-21 00:00:00,0.07850199937820435,0.08328299969434738,0.07834900170564651,0.08517500013113022,46274241,0.07850199937820435
2021-11-22 00:00:00,0.08146800100803375,0.07867500185966492,0.07433400303125381,0.08247099816799164,52494591,0.08146800100803375
2021-11-23 00:00:00,0.08767099678516388,0.08139699697494507,0.07826200127601624,0.09367299824953079,68530712,0.08767099678516388
2021-11-24 00:00:00,0.08637300133705139,0.08765599876642227,0.08129899948835373,0.09175600111484528,65748772,0.08637300133705139
2021-11-25 00:00:00,0.08399199694395065,0.08749400079250336,0.08316999673843384,0.09556899964809418,49029084,0.08399199694395065
2021-11-26 00:00:00,0.08094800263643265,0.0913819968700409,0.08008799701929092,0.09207499772310257,54635328,0.08094800263643265
2021-11-27 00:00:00,0.08824600279331207,0.08092500269412994,0.08092500269412994,0.08888199925422668,69112499,0.08824600279331207
2021-11-28 00:00:00,0.09580100327730179,0.0882280021905899,0.08432800322771072,0.10961099714040756,196260151,0.09580100327730179
2021-11-29 00:00:00,0.10001400113105774,0.09592299908399582,0.09332399815320969,0.10819900035858154,153433016,0.10001400113105774
2021-11-30 00:00:00,0.09196300059556961,0.09956000000238419,0.08857700228691101,0.09956000000238419,90755856,0.09196300059556961
2021-12-01 00:00:00,0.08834099769592285,0.09165400266647339,0.08617500215768814,0.09407100081443787,49199665,0.08834099769592285
2021-12-02 00:00:00,0.08549199998378754,0.08881299942731857,0.08341199904680252,0.08955399692058563,55595064,0.08549199998378754
2021-12-03 00:00:00,0.07779400050640106,0.08552999794483185,0.07650700211524963,0.08597300201654434,116508689,0.07779400050640106
2021-12-04 00:00:00,0.07232200354337692,0.07780300080776215,0.0610009990632534,0.07791399955749512,65850046,0.07232200354337692
2021-12-05 00:00:00,0.07222100347280502,0.0724089965224266,0.0681070014834404,0.07878900319337845,69780158,0.07222100347280502
2021-12-06 00:00:00,0.07318200170993805,0.0722619965672493,0.06143699958920479,0.07352200150489807,76133998,0.07318200170993805
2021-12-07 00:00:00,0.068231001496315,0.07309100031852722,0.06656599789857864,0.07326100021600723,54356410,0.068231001496315
2021-12-08 00:00:00,0.0678820013999939,0.0682239979505539,0.06616999953985214,0.06996099650859833,34370872,0.0678820013999939
2021-12-09 00:00:00,0.06325999647378922,0.06772100180387497,0.06302999705076218,0.06849099695682526,27813921,0.06325999647378922
2021-12-10 00:00:00,0.061044998466968536,0.06321000307798386,0.06017100065946579,0.06625500321388245,25835705,0.061044998466968536
2021-12-11 00:00:00,0.06287799775600433,0.06105300039052963,0.06033400073647499,0.06357300281524658,17442017,0.06287799775600433
2021-12-12 00:00:00,0.06468500196933746,0.0628499984741211,0.06222900003194809,0.06574500352144241,21099810,0.06468500196933746
2021-12-13 00:00:00,0.05889499932527542,0.06463000178337097,0.05681300163269043,0.06489399820566177,38795010,0.05889499932527542
2021-12-14 00:00:00,0.060182999819517136,0.05889400094747543,0.0578560009598732,0.060805000364780426,39426193,0.060182999819517136
2021-12-15 00:00:00,0.06458999961614609,0.06024099886417389,0.05783800035715103,0.06473100185394287,20407385,0.06458999961614609
2021-12-16 00:00:00,0.060906000435352325,0.06461100280284882,0.06009000167250633,0.06631500273942947,32321764,0.060906000435352325
2021-12-17 00:00:00,0.060015998780727386,0.060906000435352325,0.05904899910092354,0.06426700204610825,36590518,0.060015998780727386
2021-12-18 00:00:00,0.06025400012731552,0.0600770004093647,0.05858999863266945,0.06164399906992912,24691233,0.06025400012731552
2021-12-19 00:00:00,0.0605509988963604,0.060249000787734985,0.05807400122284889,0.06314700096845627,29501745,0.0605509988963604
2021-12-20 00:00:00,0.05768299847841263,0.06065300107002258,0.05597899854183197,0.0627169981598854,31551695,0.05768299847841263
2021-12-21 00:00:00,0.06206199899315834,0.05777699872851372,0.057447999715805054,0.0641539990901947,29365881,0.06206199899315834
2021-12-22 00:00:00,0.06099399924278259,0.062043000012636185,0.060270000249147415,0.06305199861526489,21757838,0.06099399924278259
2021-12-23 00:00:00,0.06279800087213516,0.060926999896764755,0.0593390017747879,0.06382299959659576,23701506,0.06279800087213516
2021-12-24 00:00:00,0.06227999925613403,0.06315299868583679,0.06224000081419945,0.06557200103998184,19839163,0.06227999925613403
2021-12-25 00:00:00,0.06446599960327148,0.06230299919843674,0.06215199828147888,0.06635899841785431,21735032,0.06446599960327148
2021-12-26 00:00:00,0.06408700346946716,0.06453599780797958,0.06262499839067459,0.06572800129652023,20373561,0.06408700346946716
2021-12-27 00:00:00,0.06377699971199036,0.06407999992370605,0.06320600211620331,0.06543800234794617,21083509,0.06377699971199036
2021-12-28 00:00:00,0.05923999845981598,0.06377299875020981,0.05829999968409538,0.06379900127649307,35490279,0.05923999845981598
2021-12-29 00:00:00,0.061670999974012375,0.0592459999024868,0.05849799886345863,0.06323499977588654,47812545,0.061670999974012375
2021-12-30 00:00:00,0.06180800125002861,0.0616770014166832,0.06062600016593933,0.06424900144338608,29054446,0.06180800125002861
2021-12-31 00:00:00,0.06355900317430496,0.061810001730918884,0.06111200153827667,0.06631900370121002,40862474,0.06355900317430496
2022-01-01 00:00:00,0.0642789974808693,0.06356699764728546,0.06215300038456917,0.06503099948167801,15439652,0.0642789974808693
2022-01-02 00:00:00,0.06516099721193314,0.06425800174474716,0.06377899646759033,0.0656609982252121,19534939,0.06516099721193314
2022-01-03 00:00:00,0.06371200084686279,0.06515800207853317,0.0626939982175827,0.06515800207853317,19015361,0.06371200084686279
2022-01-04 00:00:00,0.06257099658250809,0.06370799988508224,0.06256899982690811,0.06461399793624878,18131300,0.06257099658250809
2022-01-05 00:00:00,0.06808300316333771,0.0625469982624054,0.0621969997882843,0.07436499744653702,55746999,0.06808300316333771
2022-01-06 00:00:00,0.06238900125026703,0.0680290013551712,0.06197400018572807,0.06911099702119827,37877602,0.06238900125026703
2022-01-07 00:00:00,0.05911099910736084,0.06237100064754486,0.05860299989581108,0.06237100064754486,15146068,0.05911099910736084
2022-01-08 00:00:00,0.05987099930644035,0.05914900079369545,0.058490000665187836,0.061806000769138336,26312349,0.05987099930644035
2022-01-09 00:00:00,0.06464400142431259,0.05987799912691116,0.0589429996907711,0.06465499848127365,19328114,0.06464400142431259
2022-01-10 00:00:00,0.08172199875116348,0.06466200202703476,0.06307700276374817,0.09292600303888321,387373168,0.08172199875116348
2022-01-11 00:00:00,0.06498800218105316,0.08175799995660782,0.06190599873661995,0.08248800039291382,198051762,0.06498800218105316
2022-01-12 00:00:00,0.0607369989156723,0.06501899659633636,0.06022299826145172,0.06669499725103378,115751063,0.0607369989156723
2022-01-13 00:00:00,0.0578869991004467,0.060736000537872314,0.0573510006070137,0.061733998358249664,44375966,0.0578869991004467
2022-01-14 00:00:00,0.05959499999880791,0.05789000168442726,0.056745000183582306,0.06383500248193741,52281725,0.05959499999880791
2022-01-15 00:00:00,0.058201998472213745,0.059599000960588455,0.05770599842071533,0.06157800182700157,38777701,0.058201998472213745
2022-01-16 00:00:00,0.057537999004125595,0.05819899961352348,0.057089000940322876,0.05844999849796295,29707258,0.057537999004125595
2022-01-17 00:00:00,0.05408899858593941,0.05754199996590614,0.05357800051569939,0.05770900100469589,29443495,0.05408899858593941
2022-01-18 00:00:00,0.051993999630212784,0.05409500002861023,0.050331998616456985,0.05438400059938431,45267436,0.051993999630212784
2022-01-19 00:00:00,0.051224999129772186,0.05199100077152252,0.05107500031590462,0.054520998150110245,37099222,0.051224999129772186
2022-01-20 00:00:00,0.050519999116659164,0.05122800171375275,0.050328999757766724,0.0557590015232563,15270264,0.050519999116659164
2022-01-21 00:00:00,0.04118800163269043,0.050558000802993774,0.039372000843286514,0.05108699947595596,53209518,0.04118800163269043
2022-01-22 00:00:00,0.03652999922633171,0.04120099917054176,0.032912999391555786,0.042785000056028366,37203337,0.03652999922633171
2022-01-23 00:00:00,0.03976599872112274,0.036556001752614975,0.03600599989295006,0.04237699881196022,37193885,0.03976599872112274
2022-01-24 00:00:00,0.037011999636888504,0.03978699818253517,0.03474799916148186,0.03982999920845032,28348924,0.037011999636888504
2022-01-25 00:00:00,0.03885599970817566,0.03700299933552742,0.03615599870681763,0.040344998240470886,24841224,0.03885599970817566
2022-01-26 00:00:00,0.04186299815773964,0.038892000913619995,0.03884600102901459,0.044429998844861984,30162189,0.04186299815773964
2022-01-27 00:00:00,0.03812500089406967,0.041839998215436935,0.03657599911093712,0.041839998215436935,14999452,0.03812500089406967
2022-01-28 00:00:00,0.03874899819493294,0.038120999932289124,0.03686700016260147,0.039285000413656235,13700791,0.03874899819493294
2022-01-29 00:00:00,0.039942000061273575,0.038752999156713486,0.03843899816274643,0.040612999349832535,14952980,0.039942000061273575
2022-01-30 00:00:00,0.038805000483989716,0.039948999881744385,0.03812500089406967,0.04083000123500824,13798274,0.038805000483989716
2022-01-31 00:00:00,0.03933899849653244,0.038809001445770264,0.03657799959182739,0.04055099934339523,13515953,0.03933899849653244
2022-02-01 00:00:00,0.03830299898982048,0.03933899849653244,0.03756200149655342,0.040226999670267105,12171396,0.03830299898982048
2022-02-02 00:00:00,0.035971999168395996,0.03830600157380104,0.035905998200178146,0.03954999893903732,15050999,0.035971999168395996
2022-02-03 00:00:00,0.036058999598026276,0.03596000000834465,0.03538699820637703,0.038026999682188034,13152226,0.036058999598026276
2022-02-04 00:00:00,0.04050999879837036,0.03608600050210953,0.036083001643419266,0.04050999879837036,15825265,0.04050999879837036
2022-02-05 00:00:00,0.040396999567747116,0.040522001683712006,0.03957200050354004,0.042048998177051544,14892367,0.040396999567747116
2022-02-06 00:00:00,0.039645999670028687,0.040396999567747116,0.03783399984240532,0.04058799892663956,13278652,0.039645999670028687
2022-02-07 00:00:00,0.042576998472213745,0.03964899852871895,0.03900400176644325,0.04772999882698059,37530301,0.042576998472213745
2022-02-08 00:00:00,0.048966001719236374,0.0425960011780262,0.0402120016515255,0.05841600149869919,99476129,0.048966001719236374
2022-02-09 00:00:00,0.05786500126123428,0.048955000936985016,0.045928001403808594,0.06171200051903725,167718307,0.05786500126123428
2022-02-10 00:00:00,0.05027500167489052,0.05789399892091751,0.04993100091814995,0.05936200171709061,86861732,0.05027500167489052
2022-02-11 00:00:00,0.047352999448776245,0.050276000052690506,0.045145999640226364,0.05349100008606911,47679438,0.047352999448776245
2022-02-12 00:00:00,0.04446500167250633,0.04744400084018707,0.04363299906253815,0.0477290004491806,31353226,0.04446500167250633
2022-02-13 00:00:00,0.04374700039625168,0.044456999748945236,0.04317399859428406,0.04876299947500229,35672301,0.04374700039625168
2022-02-14 00:00:00,0.0460829995572567,0.043699000030756,0.04314599931240082,0.0469839982688427,34710188,0.0460829995572567
2022-02-15 00:00:00,0.05440400168299675,0.0460829995572567,0.04602399840950966,0.05724700167775154,76472426,0.05440400168299675
2022-02-16 00:00:00,0.05599899962544441,0.05441400036215782,0.05439399927854538,0.06824000179767609,311240661,0.05599899962544441
2022-02-17 00:00:00,0.051065001636743546,0.05600300058722496,0.05046499893069267,0.05766500160098076,87958054,0.051065001636743546
2022-02-18 00:00:00,0.04877600073814392,0.05108699947595596,0.04776100069284439,0.0534060001373291,43965474,0.04877600073814392
2022-02-19 00:00:00,0.05923699960112572,0.04877199977636337,0.0487620010972023,0.06503099948167801,172463905,0.05923699960112572
2022-02-20 00:00:00,0.051224999129772186,0.05921800062060356,0.048987001180648804,0.06051899865269661,123103092,0.051224999129772186
2022-02-21 00:00:00,0.05030699819326401,0.05121000111103058,0.04979100078344345,0.05571499839425087,96162179,0.05030699819326401
2022-02-22 00:00:00,0.050884999334812164,0.05028900131583214,0.04764299839735031,0.05255499854683876,57322189,0.050884999334812164
2022-02-23 00:00:00,0.04923100024461746,0.051006000488996506,0.04923100024461746,0.05385600030422211,57376680,0.04923100024461746
2022-02-24 00:00:00,0.04567699879407883,0.04920100048184395,0.040213000029325485,0.049334000796079636,68026190,0.04567699879407883
2022-02-25 00:00:00,0.04866499826312065,0.04569299891591072,0.04487600177526474,0.04980099946260452,40622101,0.04866499826312065
2022-02-26 00:00:00,0.04818199947476387,0.04866600036621094,0.04751800000667572,0.05037900060415268,27885116,0.04818199947476387
2022-02-27 00:00:00,0.04622500017285347,0.048163000494241714,0.045308999717235565,0.049786001443862915,35673120,0.04622500017285347
2022-02-28 00:00:00,0.04936600103974342,0.046160001307725906,0.04499899968504906,0.04936600103974342,27749992,0.04936600103974342
2022-03-01 00:00:00,0.04938099905848503,0.049368999898433685,0.04816199839115143,0.05077600106596947,31797653,0.04938099905848503
2022-03-02 00:00:00,0.04684000089764595,0.049382999539375305,0.04645499959588051,0.04956800118088722,26257288,0.04684000089764595
2022-03-03 00:00:00,0.046845000237226486,0.0468359999358654,0.046066999435424805,0.048920001834630966,23999063,0.046845000237226486
2022-03-04 00:00:00,0.043919000774621964,0.046831000596284866,0.043278999626636505,0.04694199934601784,31150317,0.043919000774621964
2022-03-05 00:00:00,0.0450580008327961,0.04394099861383438,0.0437140017747879,0.04534599930047989,14153106,0.0450580008327961
2022-03-06 00:00:00,0.042945001274347305,0.04506300017237663,0.04276600107550621,0.04590100049972534,22747627,0.042945001274347305
2022-03-07 00:00:00,0.04191000014543533,0.04294100031256676,0.04109400138258934,0.04440699890255928,21342409,0.04191000014543533
2022-03-08 00:00:00,0.04065600037574768,0.041909001767635345,0.040192000567913055,0.04253099858760834,30158657,0.04065600037574768
2022-03-09 00:00:00,0.04188299924135208,0.04065600037574768,0.040516000241041183,0.043129000812768936,19079938,0.04188299924135208
2022-03-10 00:00:00,0.040745001286268234,0.04188299924135208,0.040091000497341156,0.04202599823474884,14711327,0.040745001286268234
2022-03-11 00:00:00,0.040119998157024384,0.04074300080537796,0.03928399831056595,0.04177999868988991,19216626,0.040119998157024384
2022-03-12 00:00:00,0.03983600065112114,0.040098000317811966,0.039774999022483826,0.040442999452352524,7766462,0.03983600065112114
2022-03-13 00:00:00,0.03939500078558922,0.039726998656988144,0.03934299945831299,0.040782999247312546,14465875,0.03939500078558922
2022-03-14 00:00:00,0.03972199931740761,0.03939199820160866,0.03838200122117996,0.04081200063228607,16003509,0.03972199931740761
2022-03-15 00:00:00,0.03903599828481674,0.03972100093960762,0.03805899992585182,0.03983600065112114,12658768,0.03903599828481674
2022-03-16 00:00:00,0.040686000138521194,0.03905799984931946,0.03866000100970268,0.040814999490976334,16709638,0.040686000138521194
2022-03-17 00:00:00,0.039831001311540604,0.040686000138521194,0.039723001420497894,0.040987998247146606,10266787,0.039831001311540604
2022-03-18 00:00:00,0.03954600170254707,0.03982900083065033,0.03826599940657616,0.03984000161290169,13656255,0.03954600170254707
2022-03-19 00:00:00,0.042243000119924545,0.0395440012216568,0.03950100019574165,0.045354001224040985,48931016,0.042243000119924545
2022-03-20 00:00:00,0.040038999170064926,0.04224399849772453,0.039990998804569244,0.04224399849772453,22207082,0.040038999170064926
2022-03-21 00:00:00,0.04042699933052063,0.040038999170064926,0.03996000066399574,0.0418890006840229,31885683,0.04042699933052063
2022-03-22 00:00:00,0.040546998381614685,0.040421001613140106,0.04012399911880493,0.04171200096607208,25263539,0.040546998381614685
2022-03-23 00:00:00,0.04102199897170067,0.040546998381614685,0.040038999170064926,0.04158800095319748,26028591,0.04102199897170067
2022-03-24 00:00:00,0.041790999472141266,0.04098299890756607,0.04021799936890602,0.04356199875473976,38347974,0.041790999472141266
2022-03-25 00:00:00,0.041159000247716904,0.04187300056219101,0.040984999388456345,0.042445000261068344,26040314,0.041159000247716904
2022-03-26 00:00:00,0.04227399826049805,0.04114999994635582,0.04103599861264229,0.044137999415397644,31191900,0.04227399826049805
2022-03-27 00:00:00,0.04345500096678734,0.042183998972177505,0.042068000882864,0.044078998267650604,37578509,0.04345500096678734
2022-03-28 00:00:00,0.04305399954319,0.04345899820327759,0.04264400154352188,0.04389899969100952,32030483,0.04305399954319
2022-03-29 00:00:00,0.04502899944782257,0.043049998581409454,0.042791999876499176,0.045956000685691833,36513377,0.04502899944782257
2022-03-30 00:00:00,0.0434500016272068,0.04503500089049339,0.04276200011372566,0.045134998857975006,26242449,0.0434500016272068
2022-03-31 00:00:00,0.04185599833726883,0.043460000306367874,0.0413299985229969,0.04500500112771988,27474174,0.04185599833726883
2022-04-01 00:00:00,0.04303000122308731,0.041868001222610474,0.0401029996573925,0.04308599978685379,21550799,0.04303000122308731
2022-04-02 00:00:00,0.04173099994659424,0.043028999119997025,0.04145500063896179,0.04338200017809868,17773770,0.04173099994659424
2022-04-03 00:00:00,0.042837999761104584,0.041728999465703964,0.0412600003182888,0.04356300085783005,15743061,0.042837999761104584
2022-04-04 00:00:00,0.042406000196933746,0.04283599928021431,0.04204700142145157,0.04735799878835678,45598946,0.042406000196933746
2022-04-05 00:00:00,0.041676998138427734,0.042454998940229416,0.041676998138427734,0.043062999844551086,17272889,0.041676998138427734
2022-04-06 00:00:00,0.03869200125336647,0.0416719987988472,0.03855599835515022,0.0419050008058548,18776304,0.03869200125336647
2022-04-07 00:00:00,0.03950100019574165,0.038690000772476196,0.038086000829935074,0.04093199968338013,17357183,0.03950100019574165
2022-04-08 00:00:00,0.03776000067591667,0.039514001458883286,0.03773999959230423,0.040598999708890915,20697149,0.03776000067591667
2022-04-09 00:00:00,0.03911999985575676,0.03776000067591667,0.037716999650001526,0.039122000336647034,11023575,0.03911999985575676
2022-04-10 00:00:00,0.03804200142621994,0.03912299871444702,0.037980999797582626,0.03913399949669838,10461819,0.03804200142621994
2022-04-11 00:00:00,0.03579600155353546,0.038019001483917236,0.03488000109791756,0.03826500102877617,24791489,0.03579600155353546
2022-04-12 00:00:00,0.03523699939250946,0.03579900041222572,0.03429799899458885,0.03654899820685387,20605370,0.03523699939250946
2022-04-13 00:00:00,0.03819800168275833,0.03523999825119972,0.035238999873399734,0.044468000531196594,167671787,0.03819800168275833
2022-04-14 00:00:00,0.03654700145125389,0.0382240004837513,0.03592199832201004,0.0385809987783432,72037840,0.03654700145125389
2022-04-15 00:00:00,0.036729998886585236,0.03654500097036362,0.0356299988925457,0.037634000182151794,53903785,0.036729998886585236
2022-04-16 00:00:00,0.035996999591588974,0.03674200177192688,0.03574899956583977,0.037223998457193375,52192489,0.035996999591588974
2022-04-17 00:00:00,0.03516099974513054,0.03599400073289871,0.03508500009775162,0.03696899861097336,30871767,0.03516099974513054
2022-04-18 00:00:00,0.03440999984741211,0.03515800088644028,0.032979000359773636,0.03562299907207489,40457651,0.03440999984741211
2022-04-19 00:00:00,0.034981999546289444,0.03440999984741211,0.03422499820590019,0.035836998373270035,54563922,0.034981999546289444
2022-04-20 00:00:00,0.03402699902653694,0.03499099984765053,0.033962998539209366,0.03558100014925003,31959176,0.03402699902653694
2022-04-21 00:00:00,0.03312699869275093,0.03402699902653694,0.033004000782966614,0.035659000277519226,50789472,0.03312699869275093
2022-04-22 00:00:00,0.03216399997472763,0.03312600031495094,0.031932998448610306,0.034279998391866684,28858108,0.03216399997472763
2022-04-23 00:00:00,0.03218099847435951,0.03216199949383736,0.03203900158405304,0.033312998712062836,30841276,0.03218099847435951
2022-04-24 00:00:00,0.031539998948574066,0.03218099847435951,0.03153900057077408,0.03280999884009361,10981966,0.031539998948574066
2022-04-25 00:00:00,0.030473999679088593,0.03153900057077408,0.029270000755786896,0.031647998839616776,15009557,0.030473999679088593
2022-04-26 00:00:00,0.02742999978363514,0.03051700070500374,0.027104999870061874,0.03056900016963482,22260689,0.02742999978363514
2022-04-27 00:00:00,0.02910500019788742,0.027431000024080276,0.027431000024080276,0.030716000124812126,28706228,0.02910500019788742
2022-04-28 00:00:00,0.028130000457167625,0.029107000678777695,0.027827000245451927,0.029350999742746353,18909610,0.028130000457167625
2022-04-29 00:00:00,0.027351999655365944,0.02812900021672249,0.027032999321818352,0.028780000284314156,33857184,0.027351999655365944
2022-04-30 00:00:00,0.02498600073158741,0.02734600007534027,0.0247770007699728,0.02790600061416626,15403998,0.02498600073158741
2022-05-01 00:00:00,0.0250840000808239,0.024977000430226326,0.02434300072491169,0.025537999346852303,24845347,0.0250840000808239
2022-05-02 00:00:00,0.024095000699162483,0.025088999420404434,0.024015000090003014,0.025606999173760414,20020820,0.024095000699162483
2022-05-03 00:00:00,0.02333099953830242,0.02408899925649166,0.023284999653697014,0.02469700016081333,18360952,0.02333099953830242
2022-05-04 00:00:00,0.024343999102711678,0.02333199977874756,0.02307399921119213,0.024560000747442245,23167209,0.024343999102711678
2022-05-05 00:00:00,0.023572999984025955,0.02439500018954277,0.022569000720977783,0.027941999956965446,46152986,0.023572999984025955
2022-05-06 00:00:00,0.02241699956357479,0.023569999262690544,0.022001000121235847,0.02371799945831299,18927136,0.02241699956357479
2022-05-07 00:00:00,0.02247600071132183,0.022415999323129654,0.02205199934542179,0.023514999076724052,14564789,0.02247600071132183
2022-05-08 00:00:00,0.022078000009059906,0.02247999981045723,0.02165599912405014,0.023231999948620796,16349575,0.022078000009059906
2022-05-09 00:00:00,0.018595999106764793,0.022078000009059906,0.018595999106764793,0.022662999108433723,17824639,0.018595999106764793
2022-05-10 00:00:00,0.01907300017774105,0.01858000084757805,0.017734000459313393,0.020326999947428703,18788374,0.01907300017774105
2022-05-11 00:00:00,0.01421900000423193,0.019084999337792397,0.014109999872744083,0.02366499975323677,24358673,0.01421900000423193
2022-05-12 00:00:00,0.015070999972522259,0.01421700045466423,0.013278000056743622,0.019013000652194023,22336270,0.015070999972522259
2022-05-13 00:00:00,0.014798999764025211,0.015081999823451042,0.014069999568164349,0.016029000282287598,19797389,0.014798999764025211
2022-05-14 00:00:00,0.015386000275611877,0.014805999584496021,0.014116000384092331,0.015422999858856201,7064636,0.015386000275611877
2022-05-15 00:00:00,0.01722400076687336,0.01537299994379282,0.014991000294685364,0.01725500077009201,12234464,0.01722400076687336
2022-05-16 00:00:00,0.015471000224351883,0.017173999920487404,0.014719000086188316,0.017185000702738762,15197591,0.015471000224351883
2022-05-17 00:00:00,0.016231000423431396,0.015469999983906746,0.015394000336527824,0.016502000391483307,6030622,0.016231000423431396
2022-05-18 00:00:00,0.014968999661505222,0.016231000423431396,0.014968999661505222,0.016574999317526817,10385243,0.014968999661505222
2022-05-19 00:00:00,0.016488999128341675,0.014959000051021576,0.01482400018721819,0.016736000776290894,6746051,0.016488999128341675
2022-05-20 00:00:00,0.016083000227808952,0.016530999913811684,0.0156289990991354,0.016623999923467636,7510123,0.016083000227808952
2022-05-21 00:00:00,0.017190000042319298,0.01608400046825409,0.015918999910354614,0.01723499968647957,9905074,0.017190000042319298
2022-05-22 00:00:00,0.01760699972510338,0.017192000523209572,0.016364000737667084,0.017720000818371773,11837685,0.01760699972510338
2022-05-23 00:00:00,0.020690999925136566,0.017594000324606895,0.017497999593615532,0.022491000592708588,57073018,0.020690999925136566
2022-05-24 00:00:00,0.021515000611543655,0.02069300040602684,0.020430000498890877,0.03593499958515167,174062811,0.021515000611543655
2022-05-25 00:00:00,0.021789999678730965,0.021548999473452568,0.021006999537348747,0.025862999260425568,68114562,0.021789999678730965
2022-05-26 00:00:00,0.017481999471783638,0.021821999922394753,0.0174189992249012,0.022045999765396118,31348496,0.017481999471783638
2022-05-27 00:00:00,0.0165180005133152,0.017472000792622566,0.016071999445557594,0.017983999103307724,17107458,0.0165180005133152
2022-05-28 00:00:00,0.01776299998164177,0.016791999340057373,0.016516000032424927,0.017875000834465027,14844450,0.01776299998164177
2022-05-29 00:00:00,0.017185000702738762,0.01775600016117096,0.01686299964785576,0.01775600016117096,9520333,0.017185000702738762
2022-05-30 00:00:00,0.018271999433636665,0.017179999500513077,0.017006000503897667,0.01848199963569641,13172990,0.018271999433636665
2022-05-31 00:00:00,0.01733200065791607,0.01827399991452694,0.01725500077009201,0.018418999388813972,16678794,0.01733200065791607
2022-06-01 00:00:00,0.015769999474287033,0.01733499951660633,0.01559900026768446,0.017805000767111778,19694740,0.015769999474287033
2022-06-02 00:00:00,0.01550699956715107,0.015771999955177307,0.015304000116884708,0.01602800004184246,13443749,0.01550699956715107
2022-06-03 00:00:00,0.015453999862074852,0.015502999536693096,0.014785000123083591,0.015773000195622444,10377172,0.015453999862074852
2022-06-04 00:00:00,0.015216999687254429,0.015456999652087688,0.015002000145614147,0.015778999775648117,8575281,0.015216999687254429
2022-06-05 00:00:00,0.015279999934136868,0.01521500013768673,0.015025000087916851,0.015716999769210815,9362302,0.015279999934136868
2022-06-06 00:00:00,0.015185000374913216,0.015283999964594841,0.015081999823451042,0.016092000529170036,11077033,0.015185000374913216
2022-06-07 00:00:00,0.01498700026422739,0.015184000134468079,0.01451599970459938,0.015445999801158905,10683776,0.01498700026422739
2022-06-08 00:00:00,0.01520800031721592,0.014984999783337116,0.01486700028181076,0.01565999910235405,8658754,0.01520800031721592
2022-06-09 00:00:00,0.014712999574840069,0.015203000046312809,0.014635000377893448,0.01538500003516674,12577845,0.014712999574840069
2022-06-10 00:00:00,0.014236999675631523,0.01471600029617548,0.014104999601840973,0.015305999666452408,8072851,0.014236999675631523
2022-06-11 00:00:00,0.013163999654352665,0.01423799991607666,0.012710999697446823,0.014551999978721142,6271174,0.013163999654352665
2022-06-12 00:00:00,0.012389999814331532,0.013166000135242939,0.012014999985694885,0.01331700012087822,6455312,0.012389999814331532
2022-06-13 00:00:00,0.012594999745488167,0.012388999573886395,0.010622999630868435,0.015513000078499317,27876468,0.012594999745488167
2022-06-14 00:00:00,0.012343999929726124,0.012601999565958977,0.011571000330150127,0.012958000414073467,14436686,0.012343999929726124
2022-06-15 00:00:00,0.012489000335335732,0.012346000410616398,0.010987999849021435,0.012546000070869923,10173451,0.012489000335335732
2022-06-16 00:00:00,0.012023000046610832,0.012493000365793705,0.011436999775469303,0.012682000175118446,11327987,0.012023000046610832
2022-06-17 00:00:00,0.012117999605834484,0.012027000077068806,0.011919000186026096,0.012795999646186829,6580779,0.012117999605834484
2022-06-18 00:00:00,0.011637999676167965,0.012124000117182732,0.010885999538004398,0.012221000157296658,6106579,0.011637999676167965
2022-06-19 00:00:00,0.012343999929726124,0.011637000367045403,0.0109479995444417,0.012532999739050865,11869281,0.012343999929726124
2022-06-20 00:00:00,0.012501999735832214,0.01234500017017126,0.011962000280618668,0.012532999739050865,12264188,0.012501999735832214
2022-06-21 00:00:00,0.013313000090420246,0.012497999705374241,0.012404000386595726,0.014034999534487724,16324720,0.013313000090420246
2022-06-22 00:00:00,0.01208799984306097,0.013310999609529972,0.01208799984306097,0.013315999880433083,12728273,0.01208799984306097
2022-06-23 00:00:00,0.012253999710083008,0.012090000323951244,0.011966000311076641,0.012486999854445457,12521135,0.012253999710083008
2022-06-24 00:00:00,0.012124000117182732,0.012252000160515308,0.011730000376701355,0.012505000457167625,15505587,0.012124000117182732
2022-06-25 00:00:00,0.012538000009953976,0.012125999666750431,0.011966999620199203,0.012726999819278717,10483306,0.012538000009953976
2022-06-26 00:00:00,0.012164999730885029,0.012538000009953976,0.012137000449001789,0.012679999694228172,6781843,0.012164999730885029
2022-06-27 00:00:00,0.01257999986410141,0.012165999971330166,0.01203600037842989,0.01312899962067604,11281230,0.01257999986410141
2022-06-28 00:00:00,0.011792000383138657,0.012581000104546547,0.011792000383138657,0.013795999810099602,18443625,0.011792000383138657
2022-06-29 00:00:00,0.011777999810874462,0.011796999722719193,0.011370000429451466,0.012028000317513943,10912597,0.011777999810874462
2022-06-30 00:00:00,0.01242200005799532,0.011783000081777573,0.01105200033634901,0.013523000292479992,23240563,0.01242200005799532
2022-07-01 00:00:00,0.012172999791800976,0.012420999817550182,0.01158399973064661,0.012714000418782234,14333891,0.012172999791800976
2022-07-02 00:00:00,0.012138999998569489,0.012175999581813812,0.012027000077068806,0.012621999718248844,9057321,0.012138999998569489
2022-07-03 00:00:00,0.012039000168442726,0.012140999548137188,0.011958000250160694,0.012272999621927738,4421765,0.012039000168442726
2022-07-04 00:00:00,0.012303000316023827,0.012037999927997589,0.011775000020861626,0.01247899979352951,7258276,0.012303000316023827
2022-07-05 00:00:00,0.011958000250160694,0.012300999835133553,0.011827000416815281,0.012366999872028828,6609215,0.011958000250160694
2022-07-06 00:00:00,0.012117000296711922,0.011958999559283257,0.0118429996073246,0.012241000309586525,6619081,0.012117000296711922
2022-07-07 00:00:00,0.01244099996984005,0.012117000296711922,0.012091999873518944,0.012519000098109245,7829412,0.01244099996984005
2022-07-08 00:00:00,0.013030000030994415,0.012438000179827213,0.01217500027269125,0.013546999543905258,15915515,0.013030000030994415
2022-07-09 00:00:00,0.013135000132024288,0.013031000271439552,0.013007000088691711,0.013788999989628792,10128962,0.013135000132024288
2022-07-10 00:00:00,0.012474999763071537,0.013133999891579151,0.012267000041902065,0.013140000402927399,7402349,0.012474999763071537
2022-07-11 00:00:00,0.011731999926269054,0.012477000243961811,0.011651000007987022,0.01260400004684925,8344793,0.011731999926269054
2022-07-12 00:00:00,0.011657999828457832,0.011734999716281891,0.011629999615252018,0.012260000221431255,8864018,0.011657999828457832
2022-07-13 00:00:00,0.01191799994558096,0.011657999828457832,0.011358999647200108,0.011974000371992588,17783674,0.01191799994558096
2022-07-14 00:00:00,0.012066000141203403,0.011908999644219875,0.011598999612033367,0.01219599973410368,16723160,0.012066000141203403
2022-07-15 00:00:00,0.012257999740540981,0.012066000141203403,0.01196100004017353,0.012533999979496002,14425608,0.012257999740540981
2022-07-16 00:00:00,0.01268600020557642,0.012253999710083008,0.012168999761343002,0.012852000072598457,15001612,0.01268600020557642
2022-07-17 00:00:00,0.012420999817550182,0.01268799975514412,0.012250999920070171,0.013106999918818474,17729998,0.012420999817550182
2022-07-18 00:00:00,0.012997999787330627,0.01242899987846613,0.012418000027537346,0.01322299987077713,14026866,0.012997999787330627
2022-07-19 00:00:00,0.018605999648571014,0.01299699954688549,0.012664999812841415,0.02220899984240532,127776772,0.018605999648571014
2022-07-20 00:00:00,0.017294999212026596,0.018611999228596687,0.01721400022506714,0.02187100052833557,138425941,0.017294999212026596
2022-07-21 00:00:00,0.016170000657439232,0.017315000295639038,0.015200999565422535,0.0198340006172657,60499176,0.016170000657439232
2022-07-22 00:00:00,0.016357000917196274,0.01617399975657463,0.015862999483942986,0.017271999269723892,34078678,0.016357000917196274
2022-07-23 00:00:00,0.015073999762535095,0.016325000673532486,0.014771999791264534,0.016575999557971954,19865030,0.015073999762535095
2022-07-24 00:00:00,0.014155000448226929,0.015066999942064285,0.013961000367999077,0.015225999988615513,21336648,0.014155000448226929
2022-07-25 00:00:00,0.01359300035983324,0.014154000207781792,0.01359300035983324,0.014737999998033047,19844661,0.01359300035983324
2022-07-26 00:00:00,0.014167999848723412,0.013590999878942966,0.013245999813079834,0.015658000484108925,35067504,0.014167999848723412
2022-07-27 00:00:00,0.014561000280082226,0.014165000058710575,0.013542000204324722,0.014561000280082226,24782570,0.014561000280082226
2022-07-28 00:00:00,0.015355999581515789,0.014558999799191952,0.014205999672412872,0.015870999544858932,34029367,0.015355999581515789
2022-07-29 00:00:00,0.015128999948501587,0.015356999821960926,0.014932000078260899,0.015876000747084618,25638674,0.015128999948501587
2022-07-30 00:00:00,0.015651000663638115,0.01512600015848875,0.015038000419735909,0.016336999833583832,20585566,0.015651000663638115
2022-07-31 00:00:00,0.01594099961221218,0.015647999942302704,0.01551199983805418,0.018369000405073166,37317374,0.01594099961221218
2022-08-01 00:00:00,0.014990000054240227,0.015930000692605972,0.014418999664485455,0.016208000481128693,21571409,0.014990000054240227
2022-08-02 00:00:00,0.015641000121831894,0.014991999603807926,0.014371000230312347,0.01619499921798706,23421126,0.015641000121831894
2022-08-03 00:00:00,0.01575000025331974,0.01564200036227703,0.01508300006389618,0.016950000077486038,21980981,0.01575000025331974
2022-08-04 00:00:00,0.015584000386297703,0.01574699953198433,0.015413999557495117,0.016085999086499214,14901064,0.015584000386297703
2022-08-05 00:00:00,0.016318999230861664,0.015585999935865402,0.015585999935865402,0.016489999368786812,19167057,0.016318999230861664
2022-08-06 00:00:00,0.01586499996483326,0.016313999891281128,0.01583999954164028,0.016313999891281128,15205501,0.01586499996483326
2022-08-07 00:00:00,0.015971999615430832,0.015869000926613808,0.015773000195622444,0.016141999512910843,14266167,0.015971999615430832
2022-08-08 00:00:00,0.01613200083374977,0.015971999615430832,0.015967000275850296,0.01686199940741062,25763875,0.01613200083374977
2022-08-09 00:00:00,0.015320000238716602,0.016127999871969223,0.015062999911606312,0.016158999875187874,23453325,0.015320000238716602
2022-08-10 00:00:00,0.01576399989426136,0.015314999967813492,0.014987999573349953,0.016016999259591103,19835242,0.01576399989426136
2022-08-11 00:00:00,0.01593399979174137,0.01576399989426136,0.01568399928510189,0.016370000317692757,17930249,0.01593399979174137
2022-08-12 00:00:00,0.016251999884843826,0.015932999551296234,0.015932999551296234,0.01747800037264824,28712186,0.016251999884843826
2022-08-13 00:00:00,0.016217999160289764,0.016253000125288963,0.01608099974691868,0.016506999731063843,12915722,0.016217999160289764
2022-08-14 00:00:00,0.015670999884605408,0.0162189994007349,0.015580999664962292,0.016498999670147896,11856489,0.015670999884605408
2022-08-15 00:00:00,0.01602800004184246,0.015672000125050545,0.015610000118613243,0.016245000064373016,12879960,0.01602800004184246
2022-08-16 00:00:00,0.01594799943268299,0.016015000641345978,0.01568800024688244,0.016148999333381653,10008656,0.01594799943268299
2022-08-17 00:00:00,0.01524099987000227,0.015937000513076782,0.01523599959909916,0.016054000705480576,10677480,0.01524099987000227
2022-08-18 00:00:00,0.014766000211238861,0.015231000259518623,0.014755000360310078,0.01547200046479702,8171198,0.014766000211238861
2022-08-19 00:00:00,0.013779000379145145,0.014759000390768051,0.013132000342011452,0.014762000180780888,14900906,0.013779000379145145
2022-08-20 00:00:00,0.01475400011986494,0.013775000348687172,0.013775000348687172,0.01650400087237358,37758900,0.01475400011986494
2022-08-21 00:00:00,0.014654000289738178,0.014750000089406967,0.01448300015181303,0.015021000057458878,13283483,0.014654000289738178
2022-08-22 00:00:00,0.014255000278353691,0.014650000259280205,0.01381400041282177,0.014787999913096428,11878068,0.014255000278353691
2022-08-23 00:00:00,0.01448499970138073,0.014252999797463417,0.013868000358343124,0.014573000371456146,12686536,0.01448499970138073
2022-08-24 00:00:00,0.014349999837577343,0.01448300015181303,0.014031999744474888,0.014911999925971031,16242329,0.014349999837577343
2022-08-25 00:00:00,0.014511000365018845,0.01435100007802248,0.014347000047564507,0.014728999696671963,12277949,0.014511000365018845
2022-08-26 00:00:00,0.013279999606311321,0.014511999674141407,0.013255000114440918,0.014541000127792358,10261093,0.013279999606311321
2022-08-27 00:00:00,0.013178999535739422,0.01329100038856268,0.01284599956125021,0.01346100028604269,9594391,0.013178999535739422
2022-08-28 00:00:00,0.013040999881923199,0.01318500004708767,0.01300899963825941,0.013604000210762024,11069765,0.013040999881923199
2022-08-29 00:00:00,0.013705000281333923,0.013038000091910362,0.01296399999409914,0.014348000288009644,13865858,0.013705000281333923
2022-08-30 00:00:00,0.013193000108003616,0.013705999590456486,0.013097000308334827,0.01385399978607893,10609165,0.013193000108003616
2022-08-31 00:00:00,0.013183999806642532,0.013194000348448753,0.013175000436604023,0.013535000383853912,9638836,0.013183999806642532
2022-09-01 00:00:00,0.013375000096857548,0.01318500004708767,0.012942000292241573,0.0136329997330904,13312490,0.013375000096857548
2022-09-02 00:00:00,0.013321000151336193,0.01337399985641241,0.013158000074326992,0.013918999582529068,13396981,0.013321000151336193
2022-09-03 00:00:00,0.013050000183284283,0.01332200039178133,0.012749000452458858,0.01332200039178133,12446074,0.013050000183284283
2022-09-04 00:00:00,0.013167000375688076,0.013047999702394009,0.012834000401198864,0.01317100040614605,6684762,0.013167000375688076
2022-09-05 00:00:00,0.013137999922037125,0.013167000375688076,0.012787999585270882,0.013318999670445919,8914999,0.013137999922037125
2022-09-06 00:00:00,0.012157999910414219,0.013140000402927399,0.012116000056266785,0.013346999883651733,11795316,0.012157999910414219
2022-09-07 00:00:00,0.012536000460386276,0.012153999879956245,0.011868000030517578,0.012539999559521675,8649330,0.012536000460386276
2022-09-08 00:00:00,0.012966999784111977,0.01253500021994114,0.012480000033974648,0.01307199988514185,12596381,0.012966999784111977
2022-09-09 00:00:00,0.013212000019848347,0.01296599954366684,0.01295700017362833,0.013488000258803368,12869127,0.013212000019848347
2022-09-10 00:00:00,0.013086000457406044,0.013212000019848347,0.013078000396490097,0.013644999824464321,11068574,0.013086000457406044
2022-09-11 00:00:00,0.013176999986171722,0.013085000216960907,0.013020000420510769,0.013364999555051327,8242590,0.013176999986171722
2022-09-12 00:00:00,0.013125999830663204,0.013176999986171722,0.012968000024557114,0.013302999548614025,9445678,0.013125999830663204
2022-09-13 00:00:00,0.012256000190973282,0.013129999861121178,0.012117999605834484,0.013129999861121178,10716214,0.012256000190973282
2022-09-14 00:00:00,0.012202000245451927,0.012136000208556652,0.011966000311076641,0.012461000122129917,7826444,0.012202000245451927
2022-09-15 00:00:00,0.012071000412106514,0.012202000245451927,0.012028999626636505,0.012423000298440456,8158046,0.012071000412106514
2022-09-16 00:00:00,0.01230200007557869,0.012071000412106514,0.011854000389575958,0.012376000173389912,6870267,0.01230200007557869
2022-09-17 00:00:00,0.012515000067651272,0.012303999625146389,0.012267000041902065,0.012718000449240208,7276725,0.012515000067651272
2022-09-18 00:00:00,0.011916999705135822,0.012513999827206135,0.011916999705135822,0.012515000067651272,6665561,0.011916999705135822
2022-09-19 00:00:00,0.01193699985742569,0.01191600039601326,0.011491999961435795,0.012000000104308128,9237305,0.01193699985742569
2022-09-20 00:00:00,0.011404000222682953,0.01193199958652258,0.011351999826729298,0.012001999653875828,8129090,0.011404000222682953
2022-09-21 00:00:00,0.011220999993383884,0.01140500046312809,0.011125000193715096,0.01167299970984459,8883801,0.011220999993383884
2022-09-22 00:00:00,0.011385000310838223,0.011215999722480774,0.01117200031876564,0.011474000290036201,6831135,0.011385000310838223
2022-09-23 00:00:00,0.011865000240504742,0.011384000070393085,0.011366000398993492,0.012368000112473965,12424228,0.011865000240504742
2022-09-24 00:00:00,0.011780999600887299,0.011865999549627304,0.011669999919831753,0.012009999714791775,5916017,0.011780999600887299
2022-09-25 00:00:00,0.01177200023084879,0.011783000081777573,0.011761000379920006,0.012012000195682049,5011673,0.01177200023084879
2022-09-26 00:00:00,0.011706000193953514,0.01177200023084879,0.011621999554336071,0.011971999891102314,5326828,0.011706000193953514
2022-09-27 00:00:00,0.011646999977529049,0.011706000193953514,0.01153900008648634,0.011997000314295292,5997010,0.011646999977529049
2022-09-28 08:57:00,0.011421827599406242,0.011647706851363182,0.011389504186809063,0.011703230440616608,5381699,0.011421827599406242
